ATM_ID,Date,Day_of_Week,Time_of_Day,Total_Withdrawals,Total_Deposits,Location_Type,Holiday_Flag,Special_Event_Flag,Previous_Day_Cash_Level,Weather_Condition,Nearby_Competitor_ATMs,Cash_Demand_Next_Day,Month,Day,Day_of_Week_Num,Is_Weekend,Net_Cash_Flow_Today,Withdrawal_to_Deposit_Ratio,Event_Or_Holiday,Pred_Demand,Stockout_Prob,Safety_Buffer,Target_Cash,Recommended_Refill,Priority_Score,Priority_Level
ATM_0046,2022-07-04,Monday,Evening,72127,2519,Supermarket,0,0,30099,Clear,0,77676,7,4,0,0,-69608,28.621825396825397,0,71680.54,1.0,17920.13,89600.67,59501.67,0.832,HIGH
ATM_0005,2022-08-30,Tuesday,Evening,74943,16154,Mall,0,0,34088,Rainy,5,50061,8,30,1,0,-58789,4.63899721448468,0,60973.68,1.0,15243.42,76217.1,42129.1,0.7764,HIGH
ATM_0021,2023-03-07,Tuesday,Night,63022,6038,Mall,0,0,39588,Clear,5,59436,3,7,1,0,-56984,10.435833747309157,0,59685.04,1.0,14921.26,74606.3,35018.3,0.7347,HIGH
ATM_0034,2022-10-16,Sunday,Evening,59097,10349,Mall,0,0,40187,Cloudy,2,47443,10,16,6,1,-48748,5.709855072463768,0,52543.41,0.9999,13135.33,65678.74,25491.74,0.694,HIGH
ATM_0044,2023-09-25,Monday,Afternoon,69062,11797,Mall,0,0,51525,Rainy,4,44995,9,25,0,0,-57265,5.853704017630107,0,60825.03,0.9989,15199.57,76024.6,24499.6,0.6605,HIGH
ATM_0021,2022-12-28,Wednesday,Night,84556,12695,Gas Station,0,0,68121,Cloudy,4,88236,12,28,2,0,-71861,6.66005040957782,0,76996.92,0.9997,15397.07,92393.99,24272.99,0.6459,HIGH
ATM_0028,2023-02-18,Saturday,Evening,75511,3826,Bank Branch,0,0,65481,Snowy,0,74325,2,18,5,1,-71685,19.731120982492815,0,73608.28,0.9974,14702.52,88310.8,22829.8,0.6426,HIGH
ATM_0030,2022-10-15,Saturday,Night,75172,5148,Standalone,0,0,70190,Cloudy,3,75522,10,15,5,1,-70024,14.599339677607302,0,72708.43,0.9975,18158.93,90867.36,20677.36,0.6124,HIGH
ATM_0016,2022-08-12,Friday,Morning,61598,8287,Standalone,0,0,54041,Clear,5,46903,8,12,4,0,-53311,7.43219111969112,0,56014.06,0.9948,13974.39,69988.45,15947.45,0.611,HIGH
ATM_0033,2023-07-02,Sunday,Afternoon,68475,5897,Gas Station,0,0,64260,Rainy,1,62397,7,2,6,1,-62578,11.609867751780264,0,66006.34,0.9982,13189.39,79195.73,14935.73,0.6095,HIGH
ATM_0050,2023-10-01,Sunday,Night,74184,3045,Standalone,0,0,74199,Snowy,3,77525,10,1,6,1,-71139,24.35456336178595,0,73919.28,0.999,18472.43,92391.71,18192.71,0.5994,HIGH
ATM_0031,2022-06-12,Sunday,Morning,65959,7925,Standalone,0,0,60382,Cloudy,3,62578,6,12,6,1,-58034,8.321852132223063,0,60688.21,0.9936,15133.21,75821.42,15439.42,0.5982,HIGH
ATM_0036,2022-10-04,Tuesday,Morning,70559,1480,Gas Station,0,0,73455,Clear,1,59766,10,4,1,0,-69079,47.64280891289669,0,70556.39,0.9955,14079.53,84635.92,11180.92,0.5973,HIGH
ATM_0022,2023-12-01,Friday,Evening,52843,7054,Mall,1,0,61321,Clear,2,54216,12,1,4,0,-45789,7.490148830616584,1,54726.03,0.9928,16378.41,71104.44,9783.44,0.5957,HIGH
ATM_0044,2022-03-16,Wednesday,Night,57704,9813,Gas Station,0,0,53039,Snowy,3,50766,3,16,2,0,-47891,5.8797636030161,0,51232.3,0.9871,10180.37,61412.67,8373.67,0.5923,HIGH
ATM_0035,2023-10-18,Wednesday,Night,81151,8326,Supermarket,0,0,83729,Clear,1,62803,10,18,2,0,-72825,9.745526600216165,0,74385.42,0.9787,18437.91,92823.33,9094.33,0.5872,HIGH
ATM_0040,2023-02-22,Wednesday,Night,76326,7485,Mall,0,0,76379,Rainy,0,83681,2,22,2,0,-68841,10.19583222014427,0,70599.24,0.9733,17461.31,88060.55,11681.55,0.584,HIGH
ATM_0025,2022-09-20,Tuesday,Afternoon,74050,8138,Mall,0,0,70654,Snowy,5,57706,9,20,1,0,-65912,9.09816930826883,0,68174.35,0.9727,16857.47,85031.82,14377.82,0.5836,HIGH
ATM_0001,2023-10-28,Saturday,Afternoon,74503,4793,Gas Station,0,0,78304,Clear,0,79106,10,28,5,1,-69710,15.540884438881935,0,71046.4,0.9725,14013.9,85060.3,6756.3,0.5835,HIGH
ATM_0033,2023-04-08,Saturday,Evening,66189,5735,Supermarket,0,0,65366,Clear,3,72757,4,8,5,1,-60454,11.539225941422593,0,62298.2,0.9688,15380.18,77678.38,12312.38,0.5813,HIGH
ATM_0024,2022-08-01,Monday,Night,62096,5727,Gas Station,0,0,65448,Snowy,5,62956,8,1,0,0,-56369,10.840782122905027,0,59428.53,0.9627,11664.04,71092.57,5644.57,0.5776,HIGH
ATM_0002,2022-09-28,Wednesday,Night,73941,7277,Mall,0,0,80023,Clear,0,52782,9,28,2,0,-66664,10.159521846661171,0,68012.99,0.9605,16734.6,84747.59,4724.59,0.5763,HIGH
ATM_0045,2022-12-05,Monday,Night,65843,6319,Standalone,0,0,70359,Rainy,3,59039,12,5,0,0,-59524,10.418196202531645,0,61460.83,0.9447,15025.33,76486.16,6127.16,0.5668,HIGH
ATM_0002,2022-10-29,Saturday,Night,48766,2162,Mall,0,0,58497,Snowy,0,53762,10,29,5,1,-46604,22.54553860379103,0,48490.84,0.9426,11844.37,60335.21,1838.21,0.5656,HIGH
ATM_0016,2022-06-18,Saturday,Morning,77816,2334,Supermarket,0,0,80876,Cloudy,2,81497,6,18,5,1,-75482,33.32591006423983,0,77195.02,0.9333,18783.86,95978.88,15102.88,0.56,HIGH
ATM_0031,2023-07-25,Tuesday,Afternoon,64079,12678,Mall,0,0,58611,Cloudy,4,43918,7,25,1,0,-51401,5.053947472198123,0,54001.77,0.9066,12996.07,66997.84,8386.84,0.544,HIGH
ATM_0022,2022-12-11,Sunday,Morning,58218,15088,Bank Branch,0,0,54648,Rainy,5,50463,12,11,6,1,-43130,3.8583073762343427,0,47677.09,0.8957,9038.15,56715.24,2067.24,0.5374,HIGH
ATM_0048,2023-02-01,Wednesday,Night,66568,12473,Supermarket,0,0,64560,Snowy,3,53055,2,1,2,0,-54095,5.33654000320667,0,57397.51,0.8843,13685.29,71082.8,6522.8,0.5306,HIGH
ATM_0041,2022-07-26,Tuesday,Evening,58019,9959,Mall,0,0,60751,Clear,0,40943,7,26,1,0,-48060,5.8252008032128515,0,50840.74,0.8779,12089.42,62930.16,2179.16,0.5267,HIGH
ATM_0021,2023-11-09,Thursday,Night,50686,4760,Supermarket,0,0,62966,Clear,3,53973,11,9,3,0,-45926,10.646082755723587,0,47118.37,0.86,11119.94,58238.31,0.0,0.516,HIGH
ATM_0044,2022-09-06,Tuesday,Morning,51066,6222,Gas Station,0,0,56263,Snowy,5,57437,9,6,1,0,-44844,8.206009963040334,0,47064.77,0.834,8631.68,55696.45,0.0,0.5004,HIGH
ATM_0021,2023-07-09,Sunday,Afternoon,48628,6267,Standalone,0,0,54924,Snowy,5,40197,7,9,6,1,-42361,7.758136566687939,0,45121.98,0.8329,10526.51,55648.49,724.49,0.4997,HIGH
ATM_0034,2023-02-05,Sunday,Evening,62039,7159,Gas Station,0,0,68701,Snowy,2,46227,2,5,6,1,-54880,8.664664804469274,0,57741.01,0.8293,10562.56,68303.57,0.0,0.4976,HIGH
ATM_0010,2023-04-05,Wednesday,Evening,67346,6249,Supermarket,0,0,69885,Cloudy,0,64305,4,5,2,0,-61097,10.77536,0,62510.52,0.829,14558.7,77069.22,7184.22,0.4974,HIGH
ATM_0038,2023-12-10,Sunday,Afternoon,67351,4964,Gas Station,0,1,81017,Clear,5,63564,12,10,6,1,-62387,13.56515609264854,1,72403.29,0.8183,13165.09,85568.38,4551.38,0.491,HIGH
ATM_0040,2023-10-01,Sunday,Afternoon,67458,8714,Standalone,0,0,75311,Rainy,1,49940,10,1,6,1,-58744,7.740447504302926,0,60876.07,0.755,13727.55,74603.62,0.0,0.453,HIGH
ATM_0007,2022-12-18,Sunday,Evening,70133,8349,Standalone,0,0,81358,Clear,3,56407,12,18,6,1,-61784,8.399161676646706,0,65487.7,0.7214,14547.44,80035.14,0.0,0.4328,HIGH
ATM_0022,2023-08-30,Wednesday,Night,76748,7185,Gas Station,0,0,87450,Rainy,1,77644,8,30,2,0,-69563,10.680211522404676,0,70850.56,0.7099,12114.74,82965.3,0.0,0.4259,HIGH
ATM_0046,2022-02-01,Tuesday,Evening,69743,9850,Mall,0,0,71050,Cloudy,2,60761,2,1,1,0,-59893,7.07978885392346,0,63268.93,0.6811,13799.59,77068.52,6018.52,0.4087,HIGH
ATM_0040,2023-09-05,Tuesday,Morning,76286,10293,Standalone,0,0,79666,Cloudy,0,57909,9,5,1,0,-65993,7.410724693996503,0,69262.08,0.6665,15005.63,84267.71,4601.71,0.3999,HIGH
ATM_0011,2022-02-10,Thursday,Night,71248,9986,Gas Station,0,0,80640,Clear,3,75032,2,10,3,0,-61262,7.1340742965855615,0,62622.04,0.62,10144.77,72766.81,0.0,0.372,HIGH
ATM_0044,2022-10-03,Monday,Evening,73251,12053,Gas Station,0,0,76255,Rainy,3,74354,10,3,0,0,-61198,6.076903932304629,0,63516.0,0.595,10130.8,73646.8,0.0,0.357,HIGH
ATM_0039,2023-01-01,Sunday,Afternoon,59313,11059,Mall,1,0,75708,Snowy,0,57653,1,1,6,1,-48254,5.362839059674503,1,59084.19,0.5906,15306.35,74390.54,0.0,0.3544,HIGH
ATM_0018,2023-08-09,Wednesday,Morning,65912,10361,Supermarket,0,0,69371,Cloudy,0,67251,8,9,2,0,-55551,6.360934182590234,0,57970.53,0.588,12104.25,70074.78,703.78,0.3528,HIGH
ATM_0039,2023-08-11,Friday,Night,82939,3815,Mall,0,0,98962,Rainy,0,82354,8,11,4,0,-79124,21.734538784067087,0,80966.93,0.5697,16757.73,97724.66,0.0,0.3418,HIGH
ATM_0022,2022-11-28,Monday,Afternoon,55636,12200,Gas Station,0,0,60783,Clear,3,41522,11,28,0,0,-43436,4.559954102122777,0,46694.93,0.567,7317.1,54012.03,0.0,0.3402,HIGH
ATM_0013,2023-03-30,Thursday,Evening,63885,11800,Gas Station,0,0,66038,Rainy,3,51223,3,30,3,0,-52085,5.413524277603593,0,55096.62,0.567,8633.64,63730.26,0.0,0.3402,HIGH
ATM_0011,2023-10-02,Monday,Evening,65871,11774,Standalone,0,0,71746,Clear,0,56814,10,2,0,0,-54097,5.594140127388535,0,57310.65,0.5152,11549.24,68859.89,0.0,0.3091,HIGH
ATM_0049,2023-02-24,Friday,Afternoon,69492,9856,Gas Station,0,0,73243,Cloudy,1,50795,2,24,4,0,-59636,7.05001521761185,0,62205.86,0.4971,9312.84,71518.7,0.0,0.2983,HIGH
ATM_0049,2022-11-06,Sunday,Afternoon,69007,16325,Standalone,0,0,74890,Clear,3,59925,11,6,6,1,-52682,4.2268161215239495,0,56681.97,0.4632,11127.8,67809.77,0.0,0.2779,HIGH
ATM_0011,2023-09-24,Sunday,Night,47950,3359,Mall,0,0,69765,Rainy,1,53827,9,24,6,1,-44591,14.270833333333334,0,46778.11,0.4272,9015.08,55793.19,0.0,0.2563,HIGH
ATM_0033,2023-10-03,Tuesday,Night,72691,11108,Gas Station,0,0,83290,Cloudy,2,64598,10,3,1,0,-61583,6.54343325231794,0,64998.28,0.4177,9214.81,74213.09,0.0,0.2506,HIGH
ATM_0001,2023-06-02,Friday,Night,57329,9961,Gas Station,0,0,67752,Snowy,3,44997,6,2,4,0,-47368,5.754768118851636,0,50641.54,0.4132,7156.66,57798.2,0.0,0.2479,HIGH
ATM_0006,2022-07-03,Sunday,Night,47610,6966,Gas Station,0,0,65901,Cloudy,0,38337,7,3,6,1,-40644,6.833644323238123,0,43123.48,0.3828,5963.11,49086.59,0.0,0.2297,MEDIUM
ATM_0040,2023-10-04,Wednesday,Morning,61662,11131,Bank Branch,0,1,66676,Rainy,0,54659,10,4,2,0,-50531,5.539166367229608,1,58750.65,0.3803,8109.35,66860.0,184.0,0.2282,MEDIUM
ATM_0016,2023-02-05,Sunday,Night,59823,12230,Supermarket,0,0,69860,Cloudy,1,60176,2,5,6,1,-47593,4.891096394407652,0,50156.97,0.3554,9306.12,59463.09,0.0,0.2132,MEDIUM
ATM_0010,2022-04-28,Thursday,Morning,76563,10870,Mall,0,0,84228,Clear,4,56010,4,28,3,0,-65693,7.042866341642903,0,68097.82,0.3495,12594.69,80692.51,0.0,0.2097,MEDIUM
ATM_0039,2023-12-26,Tuesday,Morning,75434,8371,Standalone,0,0,85949,Cloudy,0,78354,12,26,1,0,-67063,9.010272336359293,0,68339.6,0.318,12424.14,80763.74,0.0,0.1908,LOW
ATM_0009,2023-05-18,Thursday,Evening,57872,3629,Supermarket,0,0,71525,Rainy,1,45255,5,18,3,0,-54243,15.942699724517906,0,55811.06,0.3053,10075.57,65886.63,0.0,0.1832,LOW
ATM_0022,2023-09-27,Wednesday,Afternoon,68972,2090,Supermarket,0,0,85013,Snowy,1,66020,9,27,2,0,-66882,32.98517455762793,0,67588.66,0.2796,12028.08,79616.74,0.0,0.1678,LOW
ATM_0007,2023-07-31,Monday,Evening,64920,9993,Gas Station,0,0,72110,Cloudy,2,44639,7,31,0,0,-54927,6.4958975385231135,0,58356.28,0.2794,7466.1,65822.38,0.0,0.1676,LOW
ATM_0034,2023-06-21,Wednesday,Morning,58685,9016,Gas Station,0,0,69356,Clear,5,40251,6,21,2,0,-49669,6.508262171453921,0,50854.41,0.2792,6505.3,57359.71,0.0,0.1675,LOW
ATM_0014,2022-05-01,Sunday,Night,65392,4902,Mall,0,0,84549,Cloudy,5,59374,5,1,6,1,-60490,13.337140526208444,0,63008.4,0.2739,11177.06,74185.46,0.0,0.1643,LOW
ATM_0047,2023-02-12,Sunday,Evening,64500,17531,Mall,0,0,69038,Clear,5,46296,2,12,6,1,-46969,3.6789869952087613,0,49876.32,0.2667,8811.65,58687.97,0.0,0.16,LOW
ATM_0023,2022-09-15,Thursday,Night,66587,8594,Supermarket,0,0,83627,Clear,1,49442,9,15,3,0,-57993,7.7471785922047705,0,59747.29,0.256,10491.62,70238.91,0.0,0.1536,LOW
ATM_0045,2022-10-12,Wednesday,Morning,71624,11443,Gas Station,0,1,80461,Cloudy,2,77420,10,12,2,0,-60181,6.258650821391122,1,71084.9,0.2098,8599.85,79684.75,0.0,0.1259,LOW
ATM_0010,2022-01-13,Thursday,Morning,68544,11641,Bank Branch,0,0,75034,Clear,1,60316,1,13,3,0,-56903,5.887648170417454,0,59980.68,0.2091,7252.26,67232.94,0.0,0.1255,LOW
ATM_0022,2022-12-14,Wednesday,Evening,81896,9399,Gas Station,0,1,94823,Snowy,1,95875,12,14,2,0,-72497,8.712340425531915,1,81495.05,0.1985,9767.18,91262.23,0.0,0.1191,LOW
ATM_0037,2023-10-17,Tuesday,Morning,79967,17548,Mall,0,0,84708,Snowy,0,71328,10,17,1,0,-62419,4.556783862328338,0,66634.65,0.1731,11148.64,77783.29,0.0,0.1039,LOW
ATM_0013,2023-10-13,Friday,Evening,71200,11602,Bank Branch,0,0,78529,Snowy,2,64722,10,13,4,0,-59598,6.136344048952857,0,62144.55,0.1654,7242.33,69386.88,0.0,0.0992,LOW
ATM_0033,2022-03-20,Sunday,Morning,79615,7701,Mall,0,0,95194,Cloudy,0,67145,3,20,6,1,-71914,10.336925473902882,0,74281.2,0.1551,12294.28,86575.48,0.0,0.0931,LOW
ATM_0030,2023-10-29,Sunday,Afternoon,54459,8652,Mall,0,0,70927,Snowy,4,56968,10,29,6,1,-45807,6.29365537963712,0,48274.28,0.1298,7867.74,56142.02,0.0,0.0779,LOW
ATM_0008,2023-05-21,Sunday,Night,61486,8574,Bank Branch,0,0,78712,Cloudy,2,44790,5,21,6,1,-52912,7.170379008746355,0,56057.54,0.1053,6196.04,62253.58,0.0,0.0632,LOW
ATM_0040,2023-05-30,Tuesday,Evening,52215,5834,Standalone,0,1,68444,Clear,4,51846,5,30,1,0,-46381,8.948586118251928,1,56209.86,0.1039,9015.5,65225.36,0.0,0.0623,LOW
ATM_0029,2023-06-25,Sunday,Morning,66772,10368,Mall,0,1,84311,Clear,3,57902,6,25,6,1,-56404,6.4395795158645965,1,66910.88,0.0956,10676.3,77587.18,0.0,0.0574,LOW
ATM_0036,2022-12-24,Saturday,Night,71332,8071,Standalone,1,1,97974,Rainy,4,65935,12,24,5,1,-63261,8.836967294350842,1,75839.66,0.0916,15862.62,91702.28,0.0,0.055,LOW
ATM_0046,2023-01-10,Tuesday,Morning,73108,4235,Gas Station,0,1,92159,Clear,4,86833,1,10,1,0,-68873,17.25873465533522,1,79227.05,0.0868,8610.4,87837.45,0.0,0.0521,LOW
ATM_0006,2023-06-13,Tuesday,Afternoon,68566,4709,Gas Station,0,0,89121,Clear,2,65333,6,13,1,0,-63857,14.557537154989385,0,65123.23,0.0844,7061.96,72185.19,0.0,0.0506,LOW
ATM_0046,2022-10-22,Saturday,Afternoon,57042,7751,Gas Station,0,0,72806,Rainy,1,38199,10,22,5,1,-49291,7.358359133126935,0,51311.92,0.0839,5561.7,56873.62,0.0,0.0503,LOW
ATM_0038,2023-08-25,Friday,Evening,66448,11037,Bank Branch,0,1,75272,Snowy,5,57140,8,25,4,0,-55411,6.01993114694691,1,63969.93,0.0742,6871.65,70841.58,0.0,0.0445,LOW
ATM_0017,2022-04-03,Sunday,Afternoon,70638,8127,Mall,0,0,90701,Clear,2,61197,4,3,6,1,-62511,8.690698818897637,0,66977.21,0.0739,10541.54,77518.75,0.0,0.0443,LOW
ATM_0007,2023-03-11,Saturday,Night,64342,7314,Standalone,0,0,79456,Cloudy,5,64579,3,11,5,1,-57028,8.795898838004101,0,60466.3,0.0696,9490.79,69957.09,0.0,0.0418,LOW
ATM_0036,2023-01-06,Friday,Morning,69781,9745,Bank Branch,0,0,81603,Clear,1,78212,1,6,4,0,-60036,7.159963061768931,0,63178.84,0.0673,6743.08,69921.92,0.0,0.0404,LOW
ATM_0029,2023-05-01,Monday,Night,50955,11687,Mall,0,0,64564,Rainy,4,41960,5,1,0,0,-39268,4.359599589322382,0,42723.62,0.0615,6671.29,49394.91,0.0,0.0369,LOW
ATM_0044,2022-06-13,Monday,Morning,65906,1757,Mall,0,0,86135,Cloudy,2,65202,6,13,0,0,-64149,37.48919226393629,0,66747.27,0.0585,10402.56,77149.83,0.0,0.0351,LOW
ATM_0047,2023-12-23,Saturday,Afternoon,70487,8458,Bank Branch,0,1,84430,Rainy,2,76882,12,23,5,1,-62029,8.332781652677621,1,72582.32,0.0539,7649.45,80231.77,0.0,0.0323,LOW
ATM_0038,2022-11-20,Sunday,Evening,59139,6095,Mall,0,0,82495,Rainy,2,44793,11,20,6,1,-53044,9.701279527559056,0,55370.02,0.0529,8598.41,63968.43,0.0,0.0317,LOW
ATM_0047,2022-05-19,Thursday,Morning,58958,7804,Gas Station,0,0,76447,Rainy,0,51229,5,19,3,0,-51154,7.553875720691864,0,53040.59,0.0505,5571.91,58612.5,0.0,0.0303,LOW
ATM_0032,2022-11-16,Wednesday,Evening,56858,4193,Mall,0,0,80614,Clear,1,62083,11,16,2,0,-52665,13.556986170720077,0,54420.24,0.0502,8436.23,62856.47,0.0,0.0301,LOW
ATM_0026,2023-08-11,Friday,Afternoon,47937,4530,Standalone,0,0,66138,Snowy,4,49345,8,11,4,0,-43407,10.579783712204812,0,45664.78,0.0487,7072.1,52736.88,0.0,0.0292,LOW
ATM_0043,2023-02-05,Sunday,Afternoon,46213,1463,Mall,0,0,71112,Snowy,2,51382,2,5,6,1,-44750,31.566256830601095,0,46205.46,0.048,7152.61,53358.07,0.0,0.0288,LOW
ATM_0025,2023-12-17,Sunday,Afternoon,67978,6874,Gas Station,0,0,94403,Clear,1,56718,12,17,6,1,-61104,9.887709090909091,0,61272.6,0.0457,6407.28,67679.88,0.0,0.0274,LOW
ATM_0007,2023-08-11,Friday,Night,63954,9431,Mall,0,1,82779,Snowy,4,76727,8,11,4,0,-54523,6.780534351145038,1,64502.43,0.0443,9961.11,74463.54,0.0,0.0266,LOW
ATM_0026,2022-07-14,Thursday,Evening,59583,8241,Bank Branch,0,0,75362,Clear,5,66313,7,14,3,0,-51342,7.229191943702984,0,52044.54,0.0429,5427.73,57472.27,0.0,0.0257,LOW
ATM_0010,2023-06-27,Tuesday,Morning,40398,3906,Standalone,0,0,58997,Cloudy,3,41086,6,27,1,0,-36492,10.339902738674175,0,37677.45,0.0422,5810.62,43488.07,0.0,0.0253,LOW
ATM_0008,2023-02-04,Saturday,Night,68252,6021,Bank Branch,0,0,85106,Cloudy,3,58760,2,4,5,1,-62231,11.333776154101628,0,66269.74,0.0419,6904.64,73174.38,0.0,0.0251,LOW
ATM_0015,2023-06-10,Saturday,Morning,76616,17503,Gas Station,0,0,83781,Rainy,2,56083,6,10,5,1,-59113,4.377056672760512,0,62399.96,0.0408,6494.59,68894.55,0.0,0.0245,LOW
ATM_0050,2023-10-31,Tuesday,Morning,51949,2234,Standalone,0,0,77505,Clear,2,41819,10,31,1,0,-49715,23.243400447427295,0,51013.68,0.0373,7842.33,58856.01,0.0,0.0224,LOW
ATM_0007,2022-02-21,Monday,Afternoon,68797,12439,Bank Branch,0,0,75319,Snowy,5,54831,2,21,0,0,-56358,5.530305466237942,0,59623.64,0.0366,6180.59,65804.23,0.0,0.022,LOW
ATM_0047,2022-07-22,Friday,Night,69906,9616,Gas Station,0,0,89350,Cloudy,2,46857,7,22,4,0,-60290,7.269002807528335,0,62419.45,0.0347,6458.54,68877.99,0.0,0.0208,LOW
ATM_0049,2023-11-16,Thursday,Afternoon,32430,11268,Mall,0,0,50825,Clear,0,25417,11,16,3,0,-21162,2.877806371461532,0,23507.04,0.0327,3602.92,27109.96,0.0,0.0196,LOW
ATM_0027,2022-01-09,Sunday,Morning,57954,12775,Supermarket,0,1,75206,Clear,0,49481,1,9,6,1,-45179,4.536161552911709,1,54520.37,0.0302,8342.71,62863.08,0.0,0.0181,LOW
ATM_0023,2022-01-22,Saturday,Evening,69357,14587,Bank Branch,0,0,74716,Snowy,4,61309,1,22,5,1,-54770,4.7543871675349605,0,58416.98,0.0297,6015.2,64432.18,0.0,0.0178,LOW
ATM_0044,2023-07-25,Tuesday,Afternoon,69924,11737,Supermarket,0,0,85891,Clear,1,69110,7,25,1,0,-58187,5.957062531947521,0,61189.96,0.0296,9359.62,70549.58,0.0,0.0178,LOW
ATM_0001,2023-10-13,Friday,Morning,53650,7805,Mall,0,0,75014,Clear,2,40505,10,13,4,0,-45845,6.872918267998975,0,47940.81,0.0294,7332.07,55272.88,0.0,0.0176,LOW
ATM_0013,2022-05-05,Thursday,Afternoon,41449,2058,Standalone,0,0,62621,Cloudy,4,39015,5,5,3,0,-39391,20.13064594463332,0,40804.32,0.0267,6229.6,47033.92,0.0,0.016,LOW
ATM_0024,2023-09-01,Friday,Morning,54551,11655,Gas Station,0,0,70605,Rainy,2,53474,9,1,4,0,-42896,4.680078929306795,0,45463.31,0.0253,4661.35,50124.66,0.0,0.0152,LOW
ATM_0026,2023-09-15,Friday,Afternoon,70114,6192,Standalone,0,1,90429,Snowy,1,66155,9,15,4,0,-63922,11.321492007104796,1,72858.33,0.0235,11099.97,83958.3,0.0,0.0141,LOW
ATM_0044,2023-03-24,Friday,Night,57295,4971,Mall,0,0,83591,Clear,2,45531,3,24,4,0,-52324,11.523531777956556,0,53904.1,0.0232,8210.67,62114.77,0.0,0.0139,LOW
ATM_0045,2023-04-10,Monday,Evening,51674,5356,Supermarket,0,0,72221,Clear,4,44542,4,10,0,0,-46318,9.64607056188165,0,47936.51,0.0209,7290.66,55227.17,0.0,0.0125,LOW
ATM_0046,2022-07-14,Thursday,Evening,61325,14929,Bank Branch,0,0,71741,Snowy,1,55586,7,14,3,0,-46396,4.107501674480911,0,49402.56,0.0197,5037.58,54440.14,0.0,0.0118,LOW
ATM_0010,2023-04-03,Monday,Night,64266,13251,Standalone,0,0,77723,Cloudy,5,45191,4,3,0,0,-51015,4.849532146091156,0,54558.4,0.0186,8285.24,62843.64,0.0,0.0112,LOW
ATM_0017,2022-03-12,Saturday,Night,70846,9208,Mall,0,0,90077,Cloudy,2,75727,3,12,5,1,-61638,7.693126289499403,0,63801.03,0.0183,9686.91,73487.94,0.0,0.011,LOW
ATM_0022,2022-10-30,Sunday,Night,34712,10747,Mall,0,0,59679,Rainy,3,26460,10,30,6,1,-23965,3.229624116114626,0,27493.89,0.0174,4171.92,31665.81,0.0,0.0104,LOW
ATM_0020,2022-10-07,Friday,Afternoon,59896,15633,Standalone,0,0,70265,Cloudy,5,39837,10,7,4,0,-44263,3.831137264935397,0,48294.3,0.0146,7314.65,55608.95,0.0,0.0088,LOW
ATM_0037,2023-10-13,Friday,Afternoon,75748,3771,Bank Branch,0,1,101435,Clear,0,68460,10,13,4,0,-71977,20.08165429480382,1,79839.84,0.0145,8099.75,87939.59,0.0,0.0087,LOW
ATM_0010,2023-02-26,Sunday,Morning,56164,8939,Mall,0,0,77236,Cloudy,1,59162,2,26,6,1,-47225,6.2823266219239375,0,50262.04,0.0135,7607.16,57869.2,0.0,0.0081,LOW
ATM_0007,2022-04-24,Sunday,Morning,51947,8323,Standalone,0,0,74622,Snowy,0,45317,4,24,6,1,-43624,6.240629505045651,0,46178.92,0.0131,6987.33,53166.25,0.0,0.0079,LOW
ATM_0010,2023-04-26,Wednesday,Night,56949,11831,Bank Branch,0,0,73584,Snowy,2,54588,4,26,2,0,-45118,4.813133874239351,0,47467.05,0.0126,4806.51,52273.56,0.0,0.0076,LOW
ATM_0026,2023-08-19,Saturday,Afternoon,73813,7122,Gas Station,0,0,95549,Snowy,2,73137,8,19,5,1,-66691,10.362628106135055,0,68502.44,0.0114,6928.34,75430.78,0.0,0.0068,LOW
ATM_0011,2023-11-02,Thursday,Morning,52278,6639,Supermarket,0,0,75149,Rainy,4,40893,11,2,3,0,-45639,7.873192771084337,0,47157.86,0.0108,7124.61,54282.47,0.0,0.0065,LOW
ATM_0034,2023-11-24,Friday,Morning,61944,8687,Bank Branch,0,0,83779,Clear,1,57155,11,24,4,0,-53257,7.129834254143646,0,55732.91,0.0105,5631.81,61364.72,0.0,0.0063,LOW
ATM_0006,2022-01-08,Saturday,Night,66812,13421,Bank Branch,0,0,81476,Rainy,1,46196,1,8,5,1,-53391,4.977797645656385,0,56562.8,0.0104,5715.11,62277.91,0.0,0.0062,LOW
ATM_0042,2022-06-19,Sunday,Morning,52150,12844,Standalone,0,0,71736,Snowy,0,43524,6,19,6,1,-39306,4.059945504087193,0,42081.47,0.0102,6355.14,48436.61,0.0,0.0061,LOW
ATM_0017,2022-12-05,Monday,Afternoon,58646,3079,Standalone,0,0,84004,Cloudy,1,67084,12,5,0,0,-55567,19.04090909090909,0,57486.65,0.0101,8681.06,66167.71,0.0,0.0061,LOW
ATM_0002,2022-12-19,Monday,Night,27504,9895,Gas Station,0,0,51595,Cloudy,0,15678,12,19,0,0,-17609,2.7793047696038804,0,20635.02,0.0099,2083.93,22718.95,0.0,0.0059,LOW
ATM_0041,2023-10-05,Thursday,Afternoon,44727,5447,Mall,0,0,69000,Cloudy,2,30825,10,5,3,0,-39280,8.209801762114537,0,41417.39,0.0092,6250.71,47668.1,0.0,0.0055,LOW
ATM_0034,2022-12-22,Thursday,Morning,73869,12597,Standalone,0,0,94713,Clear,1,59268,12,22,3,0,-61272,5.863549769804731,0,61419.51,0.0091,9268.82,70688.33,0.0,0.0055,LOW
ATM_0013,2023-12-01,Friday,Night,56207,4026,Mall,1,0,100056,Clear,3,63485,12,1,4,0,-52181,13.957536627762602,1,60686.57,0.0087,12190.11,72876.68,0.0,0.0052,LOW
ATM_0040,2022-12-15,Thursday,Evening,60777,8470,Gas Station,0,0,86719,Clear,3,53310,12,15,3,0,-52307,7.17471372919372,0,53808.98,0.0084,5426.1,59235.08,0.0,0.005,LOW
ATM_0048,2023-11-14,Tuesday,Afternoon,60551,10568,Supermarket,0,0,78593,Cloudy,5,63535,11,14,1,0,-49983,5.729113444980603,0,51496.86,0.0082,7766.76,59263.62,0.0,0.0049,LOW
ATM_0044,2022-05-11,Wednesday,Afternoon,56164,6961,Supermarket,0,1,75450,Cloudy,5,53962,5,11,2,0,-49203,8.067222062625682,1,60955.65,0.0077,9190.28,70145.93,0.0,0.0046,LOW
ATM_0047,2022-10-14,Friday,Morning,37160,5571,Bank Branch,0,1,61923,Clear,3,33377,10,14,4,0,-31589,6.669059583632448,1,40911.62,0.0077,4122.66,45034.28,0.0,0.0046,LOW
ATM_0024,2022-06-11,Saturday,Afternoon,67564,9784,Mall,0,0,87868,Clear,5,58886,6,11,5,1,-57780,6.904854368932039,0,60553.93,0.0075,9128.5,69682.43,0.0,0.0045,LOW
ATM_0006,2022-12-01,Thursday,Afternoon,64611,14165,Gas Station,1,0,93244,Snowy,4,48128,12,1,3,0,-50446,4.560991105463787,1,59920.32,0.0071,9030.59,68950.91,0.0,0.0043,LOW
ATM_0001,2022-07-14,Thursday,Evening,62850,18980,Supermarket,0,0,73396,Snowy,3,58911,7,14,3,0,-43870,3.3112059427848903,0,47325.52,0.007,7131.96,54457.48,0.0,0.0042,LOW
ATM_0044,2023-06-19,Monday,Evening,70624,11252,Mall,0,1,90731,Clear,3,61121,6,19,0,0,-59372,6.276015284812939,1,68136.68,0.0063,10263.43,78400.11,0.0,0.0038,LOW
ATM_0008,2022-10-17,Monday,Night,67426,11259,Bank Branch,0,1,89032,Rainy,0,57345,10,17,0,0,-56167,5.988099467140319,1,62934.52,0.0064,6333.73,69268.25,0.0,0.0038,LOW
ATM_0006,2022-10-24,Monday,Evening,85871,14836,Supermarket,0,0,102851,Clear,4,74859,10,24,0,0,-71035,5.787625530767675,0,73911.75,0.0062,11132.59,85044.34,0.0,0.0037,LOW
ATM_0013,2023-03-05,Sunday,Evening,61404,13131,Standalone,0,1,80105,Snowy,4,67758,3,5,6,1,-48273,4.67590618336887,1,60004.35,0.006,9036.66,69041.01,0.0,0.0036,LOW
ATM_0010,2022-10-07,Friday,Night,59279,11405,Bank Branch,0,1,80208,Rainy,5,71628,10,7,4,0,-47874,5.197176924425741,1,58486.41,0.0058,5882.56,64368.97,0.0,0.0035,LOW
ATM_0046,2022-08-06,Saturday,Afternoon,68582,2511,Bank Branch,0,0,92160,Cloudy,5,61609,8,6,5,1,-66071,27.301751592356688,0,69521.04,0.0059,6993.12,76514.16,0.0,0.0035,LOW
ATM_0026,2022-04-08,Friday,Afternoon,67523,7768,Supermarket,0,0,88377,Rainy,3,54132,4,8,4,0,-59755,8.691337366456429,0,62763.05,0.0056,9449.6,72212.65,0.0,0.0034,LOW
ATM_0013,2022-09-12,Monday,Morning,87704,15954,Bank Branch,0,0,100027,Cloudy,1,86804,9,12,0,0,-71750,5.496960200564087,0,76604.62,0.0053,7701.06,84305.68,0.0,0.0032,LOW
ATM_0029,2023-03-15,Wednesday,Night,52469,12370,Supermarket,0,1,71422,Cloudy,3,59017,3,15,2,0,-40099,4.241290113976235,1,49271.64,0.0053,7416.86,56688.5,0.0,0.0032,LOW
ATM_0023,2023-05-03,Wednesday,Afternoon,66321,5615,Mall,0,1,91189,Snowy,1,74190,5,3,2,0,-60706,11.809294871794872,1,68866.4,0.0051,10365.08,79231.48,0.0,0.0031,LOW
ATM_0016,2022-12-07,Wednesday,Morning,73728,8288,Gas Station,0,1,97621,Cloudy,4,87953,12,7,2,0,-65440,8.894679695982628,1,75824.75,0.005,7620.39,83445.14,0.0,0.003,LOW
ATM_0030,2022-12-09,Friday,Night,49461,4852,Standalone,0,0,82857,Clear,2,42379,12,9,4,0,-44609,10.191840098907893,0,46380.21,0.0048,6979.29,53359.5,0.0,0.0029,LOW
ATM_0035,2022-01-07,Friday,Afternoon,58925,15658,Supermarket,0,0,70193,Cloudy,3,53736,1,7,4,0,-43267,3.7630116865700236,0,47882.72,0.0049,7205.87,55088.59,0.0,0.0029,LOW
ATM_0008,2022-12-13,Tuesday,Morning,60975,7351,Bank Branch,0,0,82958,Cloudy,5,48089,12,13,1,0,-53624,8.293661588683351,0,55179.01,0.0047,5543.84,60722.85,0.0,0.0028,LOW
ATM_0047,2022-12-09,Friday,Evening,57473,16621,Mall,0,0,75601,Clear,4,38712,12,9,4,0,-40852,3.4576464926001687,0,44090.76,0.0045,6633.45,50724.21,0.0,0.0027,LOW
ATM_0027,2022-02-21,Monday,Morning,46146,8000,Mall,0,0,68782,Clear,4,48970,2,21,0,0,-38146,5.767529058867641,0,40699.9,0.0043,6122.49,46822.39,0.0,0.0026,LOW
ATM_0034,2022-12-04,Sunday,Morning,64961,8957,Gas Station,0,0,93383,Cloudy,2,55369,12,4,6,1,-56004,7.251730296941282,0,57769.59,0.0044,5802.38,63571.97,0.0,0.0026,LOW
ATM_0028,2023-09-27,Wednesday,Morning,46063,13518,Mall,0,0,64805,Rainy,1,28026,9,27,2,0,-32545,3.407278644870183,0,35697.09,0.0043,5369.91,41067.0,0.0,0.0026,LOW
ATM_0049,2022-09-17,Saturday,Afternoon,61577,9208,Bank Branch,0,0,81257,Cloudy,0,54236,9,17,5,1,-52369,6.6866109240959934,0,55662.6,0.0041,5589.08,61251.68,0.0,0.0025,LOW
ATM_0027,2022-02-08,Tuesday,Afternoon,61188,9315,Bank Branch,0,0,79049,Snowy,4,43264,2,8,1,0,-51873,6.568054959209961,0,53717.84,0.0039,5392.73,59110.57,0.0,0.0023,LOW
ATM_0004,2022-08-06,Saturday,Night,56450,12156,Gas Station,0,0,80261,Snowy,3,44973,8,6,5,1,-44294,4.643415316278687,0,46001.41,0.0037,4617.16,50618.57,0.0,0.0022,LOW
ATM_0021,2022-05-29,Sunday,Night,53826,11566,Supermarket,0,0,83777,Clear,0,45636,5,29,6,1,-42260,4.653410564537045,0,44868.88,0.0035,6746.04,51614.92,0.0,0.0021,LOW
ATM_0012,2023-10-29,Sunday,Night,61023,17562,Mall,0,0,84534,Rainy,2,41800,10,29,6,1,-43461,3.4745202983544954,0,47511.86,0.0035,7143.41,54655.27,0.0,0.0021,LOW
ATM_0034,2023-05-24,Wednesday,Afternoon,60966,6804,Mall,0,0,85276,Rainy,2,59596,5,24,2,0,-54162,8.959000734753857,0,56664.17,0.0034,8518.89,65183.06,0.0,0.002,LOW
ATM_0031,2023-01-09,Monday,Night,61437,7103,Standalone,0,0,85965,Snowy,5,47414,1,9,0,0,-54334,8.64822635135135,0,57178.28,0.0033,8595.61,65773.89,0.0,0.002,LOW
ATM_0004,2022-10-23,Sunday,Evening,56147,9142,Mall,0,0,87177,Clear,0,47829,10,23,6,1,-47005,6.14098217215356,0,48889.03,0.0034,7349.98,56239.01,0.0,0.002,LOW
ATM_0012,2023-09-07,Thursday,Morning,65574,5900,Bank Branch,0,0,89373,Cloudy,5,63060,9,7,3,0,-59674,11.112353838332487,0,63052.09,0.0032,6325.39,69377.48,0.0,0.0019,LOW
ATM_0019,2023-03-04,Saturday,Morning,68181,17560,Mall,0,0,81076,Rainy,3,63628,3,4,5,1,-50621,3.882523774272536,0,54594.43,0.003,8205.54,62799.97,0.0,0.0018,LOW
ATM_0011,2022-05-17,Tuesday,Morning,60267,3699,Standalone,0,0,87853,Rainy,3,61295,5,17,1,0,-56568,16.28837837837838,0,58311.06,0.003,8764.15,67075.21,0.0,0.0018,LOW
ATM_0037,2023-10-25,Wednesday,Afternoon,67403,5656,Gas Station,0,0,95386,Rainy,4,51463,10,25,2,0,-61747,11.91497260031819,0,63410.29,0.0027,6358.15,69768.44,0.0,0.0016,LOW
ATM_0005,2022-11-13,Sunday,Afternoon,52574,19270,Bank Branch,0,0,69512,Snowy,0,48552,11,13,6,1,-33304,2.72814072959369,0,37662.01,0.0027,3776.37,41438.38,0.0,0.0016,LOW
ATM_0025,2022-10-08,Saturday,Night,61017,18275,Gas Station,0,0,83046,Clear,2,34692,10,8,5,1,-42742,3.3386408404464873,0,46813.65,0.0025,4693.07,51506.72,0.0,0.0015,LOW
ATM_0022,2022-08-13,Saturday,Evening,87368,4128,Standalone,0,0,117596,Clear,3,80678,8,13,5,1,-83240,21.159602809396947,0,89693.41,0.0025,13476.43,103169.84,0.0,0.0015,LOW
ATM_0048,2022-10-19,Wednesday,Evening,55291,9061,Mall,0,0,79662,Rainy,4,42477,10,19,2,0,-46230,6.101412491723681,0,48349.99,0.0024,7264.1,55614.09,0.0,0.0014,LOW
ATM_0017,2023-11-12,Sunday,Morning,56614,4023,Supermarket,0,0,90798,Snowy,2,52361,11,12,6,1,-52591,14.069085487077535,0,54201.81,0.0024,8143.28,62345.09,0.0,0.0014,LOW
ATM_0038,2022-01-28,Friday,Afternoon,60029,6223,Mall,0,0,84546,Cloudy,0,54955,1,28,4,0,-53806,9.644762210796916,0,57435.77,0.0024,8629.15,66064.92,0.0,0.0014,LOW
ATM_0004,2023-12-18,Monday,Evening,45415,4062,Gas Station,0,1,76380,Rainy,2,44747,12,18,0,0,-41353,11.177701206005414,1,50414.38,0.0022,5052.53,55466.91,0.0,0.0013,LOW
ATM_0048,2022-06-13,Monday,Morning,83102,6143,Bank Branch,0,0,106419,Cloudy,4,74174,6,13,0,0,-76959,13.525716145833334,0,77201.02,0.0019,7734.77,84935.79,0.0,0.0011,LOW
ATM_0036,2022-02-11,Friday,Night,58501,16682,Mall,0,0,77078,Rainy,5,45840,2,11,4,0,-41819,3.506623508961218,0,45146.29,0.0018,6780.07,51926.36,0.0,0.0011,LOW
ATM_0044,2022-09-01,Thursday,Afternoon,57637,12738,Supermarket,0,0,77644,Cloudy,4,49985,9,1,3,0,-44899,4.524452468796609,0,48737.75,0.0019,7319.92,56057.67,0.0,0.0011,LOW
ATM_0001,2022-11-30,Wednesday,Evening,51694,5339,Mall,0,0,80690,Snowy,4,48197,11,30,2,0,-46355,9.680524344569289,0,48064.83,0.0019,7218.86,55283.69,0.0,0.0011,LOW
ATM_0026,2022-02-01,Tuesday,Evening,67680,12438,Bank Branch,0,0,85289,Rainy,4,48845,2,1,1,0,-55242,5.440951845003617,0,58844.19,0.0017,5894.42,64738.61,0.0,0.001,LOW
ATM_0008,2022-11-04,Friday,Evening,50581,11790,Standalone,0,0,73165,Rainy,4,34969,11,4,4,0,-38791,4.289797303027733,0,42517.45,0.0016,6384.42,48901.87,0.0,0.001,LOW
ATM_0012,2023-03-24,Friday,Afternoon,39247,13844,Gas Station,0,0,58936,Rainy,0,23824,3,24,4,0,-25403,2.8347417840375586,0,28466.79,0.0017,2851.52,31318.31,0.0,0.001,LOW
ATM_0050,2022-03-26,Saturday,Afternoon,61192,10329,Standalone,0,0,84465,Clear,2,47363,3,26,5,1,-50863,5.923717328170378,0,53650.77,0.0016,8056.2,61706.97,0.0,0.001,LOW
ATM_0006,2022-12-27,Tuesday,Morning,71305,17567,Gas Station,0,0,91712,Snowy,0,53859,12,27,1,0,-53738,4.058800091074681,0,56853.78,0.0016,5694.47,62548.25,0.0,0.001,LOW
ATM_0004,2022-07-21,Thursday,Afternoon,49878,9871,Gas Station,0,0,74441,Rainy,4,35795,7,21,3,0,-40007,5.0524716369529985,0,41405.03,0.0017,4147.54,45552.57,0.0,0.001,LOW
ATM_0005,2023-12-25,Monday,Evening,36412,17496,Mall,1,0,64535,Cloudy,0,27704,12,25,0,0,-18916,2.0810424644224725,1,26426.46,0.0016,5289.52,31715.98,0.0,0.001,LOW
ATM_0040,2022-04-02,Saturday,Morning,61371,6114,Bank Branch,0,0,86198,Rainy,2,57395,4,2,5,1,-55257,10.036140637775961,0,57693.53,0.0015,5778.01,63471.54,0.0,0.0009,LOW
ATM_0020,2023-11-22,Wednesday,Night,75896,12568,Standalone,0,0,105280,Clear,0,76743,11,22,2,0,-63328,6.038348317288567,0,65972.69,0.0015,9905.8,75878.49,0.0,0.0009,LOW
ATM_0038,2022-10-01,Saturday,Morning,80458,5291,Standalone,0,0,110118,Snowy,2,82442,10,1,5,1,-75167,15.203703703703704,0,76686.41,0.0014,11513.7,88200.11,0.0,0.0008,LOW
ATM_0043,2022-08-25,Thursday,Night,58579,5805,Gas Station,0,0,94752,Clear,4,46373,8,25,3,0,-52774,10.089390285911126,0,53988.16,0.0014,5406.37,59394.53,0.0,0.0008,LOW
ATM_0036,2023-11-05,Sunday,Morning,43959,9583,Supermarket,0,0,73973,Rainy,3,31001,11,5,6,1,-34376,4.586707011686143,0,37031.37,0.0013,5559.52,42590.89,0.0,0.0008,LOW
ATM_0043,2023-03-05,Sunday,Evening,60316,7041,Supermarket,0,0,93339,Clear,2,51373,3,5,6,1,-53275,8.565180346492474,0,55644.43,0.0011,8352.79,63997.22,0.0,0.0007,LOW
ATM_0036,2022-04-16,Saturday,Afternoon,59082,9207,Supermarket,0,0,82196,Snowy,3,47329,4,16,5,1,-49875,6.41637706342311,0,51741.58,0.0012,7767.45,59509.03,0.0,0.0007,LOW
ATM_0005,2023-12-09,Saturday,Afternoon,52530,10103,Gas Station,0,0,78625,Rainy,5,36434,12,9,5,1,-42427,5.198931116389549,0,45067.43,0.0011,4511.7,49579.13,0.0,0.0007,LOW
ATM_0020,2023-08-06,Sunday,Night,46514,12152,Gas Station,0,0,80463,Clear,3,33694,8,6,6,1,-34362,3.8273677281329714,0,37253.91,0.0012,3729.86,40983.77,0.0,0.0007,LOW
ATM_0013,2023-01-13,Friday,Night,51948,10301,Mall,0,0,77922,Cloudy,2,45363,1,13,4,0,-41647,5.042516016307513,0,45027.9,0.0012,6759.59,51787.49,0.0,0.0007,LOW
ATM_0008,2023-08-18,Friday,Afternoon,59172,11205,Gas Station,0,0,83388,Rainy,5,65147,8,18,4,0,-47967,5.280385507763698,0,51027.6,0.0011,5108.37,56135.97,0.0,0.0007,LOW
ATM_0001,2022-05-24,Tuesday,Evening,46420,4887,Supermarket,0,0,78274,Clear,2,39954,5,24,1,0,-41533,9.496726677577742,0,42446.11,0.0011,6371.59,48817.7,0.0,0.0007,LOW
ATM_0007,2022-01-17,Monday,Night,47274,3065,Bank Branch,0,1,80250,Clear,3,43563,1,17,0,0,-44209,15.418786692759296,1,53467.88,0.0011,5352.67,58820.55,0.0,0.0007,LOW
ATM_0048,2023-05-29,Monday,Night,65586,7331,Supermarket,0,0,96718,Clear,5,50966,5,29,0,0,-58255,8.945171849427169,0,60151.74,0.0012,9029.98,69181.72,0.0,0.0007,LOW
ATM_0031,2022-04-23,Saturday,Evening,39095,6264,Gas Station,0,0,67598,Snowy,1,39759,4,23,5,1,-32831,6.240223463687151,0,35305.61,0.001,3534.09,38839.7,0.0,0.0006,LOW
ATM_0019,2023-11-10,Friday,Evening,55499,13856,Supermarket,0,0,81032,Clear,0,35468,11,10,4,0,-41643,4.0051237641625175,0,45384.16,0.001,6812.16,52196.32,0.0,0.0006,LOW
ATM_0036,2023-09-01,Friday,Night,68952,1729,Gas Station,0,0,110480,Clear,3,68569,9,1,4,0,-67223,39.85664739884393,0,69575.78,0.001,6964.54,76540.32,0.0,0.0006,LOW
ATM_0021,2023-12-25,Monday,Night,44564,17719,Mall,1,0,78542,Rainy,0,39820,12,25,0,0,-26845,2.5148984198645596,1,36838.04,0.001,7371.29,44209.33,0.0,0.0006,LOW
ATM_0018,2022-01-30,Sunday,Night,73946,7341,Bank Branch,0,0,108347,Clear,2,56613,1,30,6,1,-66605,10.071642604195043,0,68353.04,0.001,6842.14,75195.18,0.0,0.0006,LOW
ATM_0012,2022-01-29,Saturday,Night,61872,12725,Mall,0,0,87631,Clear,4,57116,1,29,5,1,-49147,4.861857614332862,0,51982.06,0.001,7802.51,59784.57,0.0,0.0006,LOW
ATM_0046,2022-04-13,Wednesday,Night,40038,5546,Mall,0,0,74858,Clear,5,44401,4,13,2,0,-34492,7.217955651703623,0,36532.48,0.0008,5482.79,42015.27,0.0,0.0005,LOW
ATM_0024,2022-09-25,Sunday,Afternoon,61791,17383,Mall,0,0,85567,Rainy,0,46528,9,25,6,1,-44408,3.554475379659457,0,47559.79,0.0009,7138.25,54698.04,0.0,0.0005,LOW
ATM_0026,2022-08-02,Tuesday,Night,53184,14809,Mall,0,0,78633,Snowy,5,44974,8,2,1,0,-38375,3.5910871033085754,0,42526.14,0.0008,6382.32,48908.46,0.0,0.0005,LOW
ATM_0036,2022-05-20,Friday,Afternoon,65917,1996,Mall,0,0,101159,Clear,4,75995,5,20,4,0,-63921,33.00801201802704,0,65199.25,0.0008,9785.1,74984.35,0.0,0.0005,LOW
ATM_0025,2023-07-26,Wednesday,Night,45331,7475,Standalone,0,0,77623,Rainy,0,32120,7,26,2,0,-37856,6.063536650615302,0,39356.79,0.0008,5906.67,45263.46,0.0,0.0005,LOW
ATM_0020,2023-01-31,Tuesday,Morning,36893,8114,Standalone,1,0,72661,Rainy,3,29947,1,31,1,0,-28779,4.546272335181762,1,36548.65,0.0008,7312.65,43861.3,0.0,0.0005,LOW
ATM_0001,2023-11-07,Tuesday,Night,54163,11648,Bank Branch,0,0,81799,Snowy,2,37534,11,7,1,0,-42515,4.649583655249377,0,44808.19,0.0009,4484.85,49293.04,0.0,0.0005,LOW
ATM_0019,2022-04-03,Sunday,Evening,73726,3705,Bank Branch,0,0,107113,Rainy,2,80993,4,3,6,1,-70021,19.893685914732867,0,72409.16,0.0009,7247.43,79656.59,0.0,0.0005,LOW
ATM_0025,2023-12-04,Monday,Evening,62085,12749,Gas Station,0,0,86884,Snowy,3,65012,12,4,0,0,-49336,4.869411764705882,0,52696.81,0.0009,5274.42,57971.23,0.0,0.0005,LOW
ATM_0016,2023-04-17,Monday,Evening,47654,5378,Bank Branch,0,0,74624,Rainy,2,47227,4,17,0,0,-42276,8.85926752184421,0,44050.38,0.0008,4408.56,48458.94,0.0,0.0005,LOW
ATM_0046,2022-04-02,Saturday,Evening,64259,5369,Standalone,0,0,93750,Cloudy,0,51515,4,2,5,1,-58890,11.966294227188081,0,61080.47,0.0006,9165.74,70246.21,0.0,0.0004,LOW
ATM_0039,2023-07-16,Sunday,Afternoon,43358,6847,Gas Station,0,0,80454,Clear,2,47929,7,16,6,1,-36511,6.331483644859813,0,37907.75,0.0006,3793.05,41700.8,0.0,0.0004,LOW
ATM_0045,2022-03-22,Tuesday,Afternoon,58964,17304,Standalone,0,0,78401,Clear,3,45779,3,22,1,0,-41660,3.40733891938746,0,44771.34,0.0007,6718.83,51490.17,0.0,0.0004,LOW
ATM_0045,2022-12-03,Saturday,Evening,71166,4692,Standalone,0,0,105048,Rainy,0,78796,12,3,5,1,-66474,15.164287236309397,0,68293.39,0.0006,10248.11,78541.5,0.0,0.0004,LOW
ATM_0035,2022-07-10,Sunday,Night,67315,16940,Supermarket,0,0,97252,Clear,3,60000,7,10,6,1,-50375,3.973496251697066,0,53845.62,0.0006,8080.07,61925.69,0.0,0.0004,LOW
ATM_0032,2022-12-15,Thursday,Evening,63157,12946,Supermarket,0,0,89861,Snowy,0,43109,12,15,3,0,-50211,4.878118483046266,0,52923.65,0.0006,7941.72,60865.37,0.0,0.0004,LOW
ATM_0005,2022-07-26,Tuesday,Afternoon,59663,4927,Supermarket,0,0,89399,Cloudy,5,51118,7,26,1,0,-54736,12.106939935064934,0,57112.18,0.0007,8570.82,65683.0,0.0,0.0004,LOW
ATM_0025,2023-07-23,Sunday,Evening,55395,14243,Supermarket,0,0,80869,Snowy,5,39411,7,23,6,1,-41152,3.889005897219882,0,45020.45,0.0006,6755.77,51776.22,0.0,0.0004,LOW
ATM_0016,2023-03-29,Wednesday,Evening,56264,17499,Supermarket,0,0,72539,Cloudy,3,55628,3,29,2,0,-38765,3.2150857142857143,0,42249.7,0.0006,6339.99,48589.69,0.0,0.0004,LOW
ATM_0029,2023-09-14,Thursday,Afternoon,59064,3431,Standalone,0,0,91670,Snowy,5,47204,9,14,3,0,-55633,17.20979020979021,0,56868.05,0.0007,8534.19,65402.24,0.0,0.0004,LOW
ATM_0008,2022-07-16,Saturday,Afternoon,54504,8584,Bank Branch,0,0,78808,Snowy,5,53645,7,16,5,1,-45920,6.348747815958067,0,48139.71,0.0006,4816.86,52956.57,0.0,0.0004,LOW
ATM_0034,2023-07-24,Monday,Evening,61316,2465,Standalone,0,0,95727,Snowy,1,67012,7,24,0,0,-58851,24.86455798864558,0,59156.01,0.0005,8876.36,68032.37,0.0,0.0003,LOW
ATM_0035,2022-09-20,Tuesday,Afternoon,46008,2533,Bank Branch,0,0,79933,Rainy,1,53102,9,20,1,0,-43475,18.15627466456196,0,45796.84,0.0005,4581.97,50378.81,0.0,0.0003,LOW
ATM_0037,2023-01-01,Sunday,Night,53566,8724,Mall,1,0,101737,Clear,2,45131,1,1,6,1,-44842,6.139369627507163,1,54136.94,0.0005,10830.09,64967.03,0.0,0.0003,LOW
ATM_0033,2022-11-18,Friday,Night,55834,13309,Supermarket,0,0,84341,Cloudy,2,49817,11,18,4,0,-42525,4.1948910593538695,0,46569.44,0.0005,6987.74,53557.18,0.0,0.0003,LOW
ATM_0043,2023-12-29,Friday,Evening,41309,8449,Mall,0,0,71995,Cloudy,1,35575,12,29,4,0,-32860,4.888639053254438,0,35302.29,0.0005,5297.11,40599.4,0.0,0.0003,LOW
ATM_0027,2023-07-25,Tuesday,Evening,54418,0,Bank Branch,0,0,70745,Snowy,2,60442,7,25,1,0,-54418,54418.0,0,54366.85,0.0005,5439.4,59806.25,0.0,0.0003,LOW
ATM_0009,2023-10-03,Tuesday,Morning,51138,19060,Bank Branch,0,0,70732,Clear,3,39970,10,3,1,0,-32078,2.6828602906458214,0,35605.79,0.0005,3562.36,39168.15,0.0,0.0003,LOW
ATM_0007,2023-02-05,Sunday,Evening,72044,9114,Gas Station,0,0,104146,Cloudy,0,58799,2,5,6,1,-62930,7.903894679100384,0,66682.49,0.0005,6671.58,73354.07,0.0,0.0003,LOW
ATM_0038,2022-08-05,Friday,Night,50779,10065,Standalone,0,0,83944,Clear,4,53347,8,5,4,0,-40714,5.044605603020067,0,43115.67,0.0005,6469.51,49585.18,0.0,0.0003,LOW
ATM_0041,2023-08-14,Monday,Morning,69724,5636,Standalone,0,0,100130,Rainy,5,73911,8,14,0,0,-64088,12.368990597835728,0,67601.88,0.0005,10143.66,77745.54,0.0,0.0003,LOW
ATM_0037,2022-11-20,Sunday,Evening,61442,12676,Mall,0,1,91386,Rainy,4,70602,11,20,6,1,-48766,4.846730298966633,1,60398.19,0.0005,9062.75,69460.94,0.0,0.0003,LOW
ATM_0002,2023-10-11,Wednesday,Evening,60368,6233,Bank Branch,0,0,91184,Cloudy,1,58329,10,11,2,0,-54135,9.683670195700994,0,56831.34,0.0003,5684.84,62516.18,0.0,0.0002,LOW
ATM_0011,2022-08-23,Tuesday,Morning,71741,9108,Gas Station,0,0,105983,Clear,1,70167,8,23,1,0,-62633,7.875837084202437,0,65326.1,0.0003,6534.57,71860.67,0.0,0.0002,LOW
ATM_0014,2023-02-05,Sunday,Night,60909,5065,Mall,0,0,100463,Cloudy,1,57219,2,5,6,1,-55844,12.023095144097908,0,57780.52,0.0004,8669.39,66449.91,0.0,0.0002,LOW
ATM_0011,2022-04-24,Sunday,Morning,57164,3401,Gas Station,0,0,97368,Rainy,0,63971,4,24,6,1,-53763,16.803057025279248,0,55495.29,0.0003,5551.19,61046.48,0.0,0.0002,LOW
ATM_0036,2022-12-19,Monday,Night,58621,8418,Mall,0,0,94193,Rainy,2,54604,12,19,0,0,-50203,6.962940966860672,0,52342.19,0.0003,7852.9,60195.09,0.0,0.0002,LOW
ATM_0037,2023-03-29,Wednesday,Night,61916,185,Gas Station,0,0,104211,Snowy,2,57087,3,29,2,0,-61731,332.8817204301075,0,61573.22,0.0003,6159.17,67732.39,0.0,0.0002,LOW
ATM_0027,2023-03-11,Saturday,Morning,55747,13791,Mall,0,0,82344,Clear,0,52447,3,11,5,1,-41956,4.041980858468677,0,45532.37,0.0003,6831.22,52363.59,0.0,0.0002,LOW
ATM_0036,2022-08-07,Sunday,Morning,38095,11586,Bank Branch,0,0,65016,Cloudy,5,27971,8,7,6,1,-26509,3.287736256149133,0,30065.12,0.0004,3007.71,33072.83,0.0,0.0002,LOW
ATM_0037,2023-02-15,Wednesday,Afternoon,79072,1172,Gas Station,0,0,115592,Cloudy,1,68688,2,15,2,0,-77900,67.41005967604433,0,79887.5,0.0003,7991.15,87878.65,0.0,0.0002,LOW
ATM_0003,2023-10-28,Saturday,Afternoon,66090,11896,Mall,0,1,94440,Snowy,0,76159,10,28,5,1,-54194,5.55518197865008,1,62238.79,0.0003,9337.69,71576.48,0.0,0.0002,LOW
ATM_0028,2023-09-23,Saturday,Night,37719,1150,Mall,0,0,80532,Clear,5,40930,9,23,5,1,-36569,32.77063423110339,0,37254.99,0.0004,5589.74,42844.73,0.0,0.0002,LOW
ATM_0012,2023-10-06,Friday,Night,61857,11723,Gas Station,0,0,95860,Clear,5,40379,10,6,4,0,-50134,5.276100307062436,0,52192.77,0.0004,5221.36,57414.13,0.0,0.0002,LOW
ATM_0024,2022-07-22,Friday,Morning,62686,1636,Standalone,0,0,101160,Clear,5,71343,7,22,4,0,-61050,38.293219303604154,0,60040.49,0.0003,9007.87,69048.36,0.0,0.0002,LOW
ATM_0044,2022-12-22,Thursday,Evening,61278,15014,Supermarket,0,0,85480,Cloudy,4,41939,12,22,3,0,-46264,4.081118881118881,0,49878.04,0.0003,7483.2,57361.24,0.0,0.0002,LOW
ATM_0043,2023-01-28,Saturday,Morning,42990,13018,Mall,0,0,67716,Clear,5,40055,1,28,5,1,-29972,3.302096935248483,0,32598.24,0.0003,4890.71,37488.95,0.0,0.0002,LOW
ATM_0024,2023-02-04,Saturday,Morning,52132,3459,Supermarket,0,0,84924,Rainy,0,40414,2,4,5,1,-48673,15.067052023121388,0,50840.5,0.0004,7628.11,58468.61,0.0,0.0002,LOW
ATM_0039,2022-07-15,Friday,Afternoon,63593,7029,Supermarket,0,0,96818,Clear,5,69269,7,15,4,0,-56564,9.045945945945945,0,58934.68,0.0003,8841.97,67776.65,0.0,0.0002,LOW
ATM_0030,2023-10-13,Friday,Morning,60193,11341,Standalone,0,0,88713,Snowy,1,63588,10,13,4,0,-48852,5.307088696878857,0,51918.7,0.0003,7789.36,59708.06,0.0,0.0002,LOW
ATM_0025,2022-05-22,Sunday,Evening,50681,10974,Mall,0,0,82817,Rainy,1,49274,5,22,6,1,-39707,4.617858769931662,0,41567.0,0.0003,6236.3,47803.3,0.0,0.0002,LOW
ATM_0039,2022-07-26,Tuesday,Evening,61754,11348,Mall,0,0,88722,Cloudy,3,52971,7,26,1,0,-50406,5.4413604722883075,0,53545.95,0.0003,8033.5,61579.45,0.0,0.0002,LOW
ATM_0016,2022-07-19,Tuesday,Afternoon,47166,14389,Supermarket,0,0,75356,Clear,3,28440,7,19,1,0,-32777,3.2776928422515637,0,35692.43,0.0002,5354.58,41047.01,0.0,0.0001,LOW
ATM_0008,2023-07-30,Sunday,Afternoon,81927,0,Supermarket,0,0,98493,Snowy,1,83281,7,30,6,1,-81927,81927.0,0,85135.29,0.0001,12771.14,97906.43,0.0,0.0001,LOW
ATM_0019,2023-08-28,Monday,Morning,68947,17212,Supermarket,0,1,92825,Clear,5,70470,8,28,0,0,-51735,4.005519084412944,1,61041.72,0.0002,9157.48,70199.2,0.0,0.0001,LOW
ATM_0024,2022-03-22,Tuesday,Evening,39744,10995,Supermarket,0,0,71748,Clear,2,25543,3,22,1,0,-28749,3.614405238268461,0,30905.53,0.0001,4636.14,35541.67,0.0,0.0001,LOW
ATM_0002,2022-07-22,Friday,Morning,50894,928,Standalone,0,0,91464,Snowy,3,45059,7,22,4,0,-49966,54.783638320775026,0,50498.51,0.0001,7575.28,58073.79,0.0,0.0001,LOW
ATM_0047,2023-01-31,Tuesday,Morning,46734,9476,Supermarket,1,0,86350,Cloudy,1,37495,1,31,1,0,-37258,4.93130737575182,1,45086.51,0.0001,9017.75,54104.26,0.0,0.0001,LOW
ATM_0009,2022-09-04,Sunday,Evening,67198,4506,Mall,0,0,111405,Rainy,0,74222,9,4,6,1,-62692,14.909696028400266,0,65337.49,0.0001,9801.28,75138.77,0.0,0.0001,LOW
ATM_0017,2023-01-18,Wednesday,Evening,69352,16638,Standalone,0,0,96084,Clear,3,60312,1,18,2,0,-52714,4.168038944648116,0,56183.38,0.0001,8428.07,64611.45,0.0,0.0001,LOW
ATM_0043,2022-06-21,Tuesday,Afternoon,66887,9580,Mall,0,0,99395,Rainy,3,68517,6,21,1,0,-57307,6.981212817033713,0,59806.34,0.0001,8971.55,68777.89,0.0,0.0001,LOW
ATM_0037,2023-04-24,Monday,Night,64708,10806,Bank Branch,0,0,94917,Clear,5,49727,4,24,0,0,-53902,5.9876006292218005,0,56968.16,0.0002,5697.96,62666.12,0.0,0.0001,LOW
ATM_0027,2023-11-13,Monday,Morning,55772,16747,Gas Station,0,0,80870,Snowy,1,33765,11,13,0,0,-39025,3.330069262001433,0,42378.08,0.0002,4238.66,46616.74,0.0,0.0001,LOW
ATM_0020,2023-11-25,Saturday,Morning,65320,15059,Gas Station,0,0,92913,Rainy,0,56534,11,25,5,1,-50261,4.337317397078353,0,53729.4,0.0002,5374.01,59103.41,0.0,0.0001,LOW
ATM_0014,2023-12-24,Sunday,Evening,34034,19512,Gas Station,1,0,73210,Cloudy,3,26453,12,24,6,1,-14522,1.7441705529646903,1,22813.83,0.0001,3422.3,26236.13,0.0,0.0001,LOW
ATM_0043,2023-06-15,Thursday,Morning,38568,12405,Mall,0,1,69657,Rainy,3,40714,6,15,3,0,-26163,3.1088183137191683,1,37878.93,0.0001,5682.22,43561.15,0.0,0.0001,LOW
ATM_0010,2023-02-15,Wednesday,Morning,71835,6493,Gas Station,0,0,105011,Cloudy,0,65445,2,15,2,0,-65342,11.061749307052663,0,67088.2,0.0002,6710.16,73798.36,0.0,0.0001,LOW
ATM_0020,2022-09-18,Sunday,Afternoon,46789,4518,Standalone,0,0,87171,Snowy,5,41951,9,18,6,1,-42271,10.35383934498783,0,43468.03,0.0001,6520.64,49988.67,0.0,0.0001,LOW
ATM_0049,2023-02-09,Thursday,Night,40778,16369,Gas Station,0,0,70097,Cloudy,0,32571,2,9,3,0,-24409,2.491020158827123,0,28856.65,0.0001,2885.95,31742.6,0.0,0.0001,LOW
ATM_0022,2022-10-28,Friday,Evening,52365,6299,Standalone,0,0,87905,Cloudy,2,39052,10,28,4,0,-46066,8.311904761904762,0,48995.16,0.0001,7349.76,56344.92,0.0,0.0001,LOW
ATM_0039,2023-12-19,Tuesday,Afternoon,51328,12732,Supermarket,0,0,77962,Cloudy,5,39668,12,19,1,0,-38596,4.031100290583523,0,42073.06,0.0002,6311.8,48384.86,0.0,0.0001,LOW
ATM_0035,2023-09-09,Saturday,Evening,62566,3455,Standalone,0,0,98981,Cloudy,0,49061,9,9,5,1,-59111,18.103587962962962,0,60715.01,0.0002,9108.47,69823.48,0.0,0.0001,LOW
ATM_0038,2023-08-31,Thursday,Evening,55924,13936,Bank Branch,0,0,84460,Clear,3,50386,8,31,3,0,-41988,4.012628255722178,0,45174.73,0.0001,4517.92,49692.65,0.0,0.0001,LOW
ATM_0026,2023-04-15,Saturday,Morning,64254,11610,Bank Branch,0,0,92008,Cloudy,3,62270,4,15,5,1,-52644,5.5338902764619755,0,56068.13,0.0001,5607.37,61675.5,0.0,0.0001,LOW
ATM_0019,2023-12-29,Friday,Evening,49968,4850,Standalone,0,0,86623,Rainy,0,39148,12,29,4,0,-45118,10.300556586270872,0,47121.92,0.0002,7069.23,54191.15,0.0,0.0001,LOW
ATM_0048,2023-02-12,Sunday,Afternoon,48889,9539,Gas Station,0,0,84526,Snowy,1,45850,2,12,6,1,-39350,5.124633123689727,0,41275.26,0.0001,4127.94,45403.2,0.0,0.0001,LOW
ATM_0031,2023-01-12,Thursday,Morning,50836,15174,Bank Branch,0,0,75719,Rainy,3,38803,1,12,3,0,-35662,3.34998352553542,0,38514.9,0.0001,3851.88,42366.78,0.0,0.0001,LOW
ATM_0044,2023-06-15,Thursday,Afternoon,61842,19109,Bank Branch,0,0,82838,Snowy,0,55780,6,15,3,0,-42733,3.2361067503924645,0,46777.72,0.0001,4678.24,51455.96,0.0,0.0001,LOW
ATM_0037,2023-11-26,Sunday,Night,70130,9885,Bank Branch,0,0,110073,Snowy,5,54536,11,26,6,1,-60245,7.093870119360712,0,61965.37,0.0001,6197.16,68162.53,0.0,0.0001,LOW
ATM_0039,2023-09-11,Monday,Evening,35693,3675,Supermarket,0,0,74364,Snowy,0,37959,9,11,0,0,-32018,9.70973884657236,0,33604.76,0.0001,5041.05,38645.81,0.0,0.0001,LOW
ATM_0020,2023-03-06,Monday,Evening,50091,17530,Gas Station,0,0,73930,Snowy,4,27394,3,6,0,0,-32561,2.8572813872568594,0,36283.05,0.0001,3628.67,39911.72,0.0,0.0001,LOW
ATM_0037,2022-04-08,Friday,Afternoon,51007,6950,Supermarket,0,0,82366,Cloudy,0,48841,4,8,4,0,-44057,7.338080851676017,0,46667.14,0.0002,7001.0,53668.14,0.0,0.0001,LOW
ATM_0033,2023-03-20,Monday,Night,44372,9615,Mall,0,0,81168,Clear,5,40157,3,20,0,0,-34757,4.614392678868552,0,37211.47,0.0001,5582.09,42793.56,0.0,0.0001,LOW
ATM_0047,2022-05-15,Sunday,Afternoon,62687,14364,Supermarket,0,0,91236,Rainy,1,63300,5,15,6,1,-48323,4.36387051862165,0,51335.31,0.0002,7701.32,59036.63,0.0,0.0001,LOW
ATM_0018,2022-04-16,Saturday,Morning,43120,19675,Standalone,0,0,65065,Cloudy,0,22683,4,16,5,1,-23445,2.1915023378735516,0,27004.44,0.0001,4050.94,31055.38,0.0,0.0001,LOW
ATM_0024,2023-01-23,Monday,Afternoon,53858,10955,Gas Station,0,0,85301,Snowy,0,38494,1,23,0,0,-42903,4.915845198977729,0,45630.03,0.0001,4563.46,50193.49,0.0,0.0001,LOW
ATM_0048,2023-05-21,Sunday,Afternoon,67631,2876,Standalone,0,0,109668,Rainy,1,67096,5,21,6,1,-64755,23.50747306221759,0,67765.54,0.0001,10165.51,77931.05,0.0,0.0001,LOW
ATM_0017,2022-12-11,Sunday,Evening,51480,7901,Bank Branch,0,0,86463,Rainy,4,46418,12,11,6,1,-43579,6.514806378132119,0,46368.7,0.0002,4637.8,51006.5,0.0,0.0001,LOW
ATM_0025,2023-01-23,Monday,Morning,44541,1630,Supermarket,0,0,80232,Cloudy,2,48391,1,23,0,0,-42911,27.30901287553648,0,45197.66,0.0001,6780.1,51977.76,0.0,0.0001,LOW
ATM_0014,2023-10-11,Wednesday,Evening,66033,4731,Bank Branch,0,0,101311,Cloudy,2,57596,10,11,2,0,-61302,13.954564666103128,0,62596.53,0.0001,6260.28,68856.81,0.0,0.0001,LOW
ATM_0020,2023-01-04,Wednesday,Night,40304,10289,Supermarket,0,0,75745,Clear,3,27074,1,4,2,0,-30015,3.916812439261419,0,32290.08,0.0001,4843.83,37133.91,0.0,0.0001,LOW
ATM_0017,2023-10-03,Tuesday,Morning,66333,11459,Mall,0,0,98884,Snowy,4,51766,10,3,1,0,-54874,5.788219895287958,0,57783.06,0.0001,8668.04,66451.1,0.0,0.0001,LOW
ATM_0032,2023-02-20,Monday,Morning,56613,8726,Standalone,0,0,90366,Clear,0,47708,2,20,0,0,-47887,6.48710897215538,0,50687.04,0.0001,7603.56,58290.6,0.0,0.0001,LOW
ATM_0005,2022-03-25,Friday,Afternoon,37770,8172,Supermarket,0,0,67939,Snowy,4,34562,3,25,4,0,-29598,4.621314082956075,0,31947.57,0.0001,4792.45,36740.02,0.0,0.0001,LOW
ATM_0012,2023-03-19,Sunday,Evening,67426,18967,Bank Branch,0,0,95173,Clear,2,42736,3,19,6,1,-48459,3.5547237452551665,0,52171.15,0.0001,5217.64,57388.79,0.0,0.0001,LOW
ATM_0002,2022-08-31,Wednesday,Night,47990,12526,Standalone,0,0,81616,Clear,3,46207,8,31,2,0,-35464,3.8309252015646202,0,38149.67,0.0002,5723.21,43872.88,0.0,0.0001,LOW
ATM_0017,2023-09-28,Thursday,Afternoon,71146,14638,Gas Station,0,0,102359,Clear,4,73561,9,28,3,0,-56508,4.860031422911401,0,60711.65,0.0001,6071.77,66783.42,0.0,0.0001,LOW
ATM_0023,2023-02-14,Tuesday,Evening,52737,12802,Standalone,0,1,78412,Rainy,0,42786,2,14,1,0,-39935,4.119112707959072,1,47499.75,0.0002,7125.91,54625.66,0.0,0.0001,LOW
ATM_0044,2023-04-20,Thursday,Afternoon,52836,7159,Bank Branch,0,0,86039,Rainy,5,56060,4,20,3,0,-45677,7.379329608938548,0,47654.78,0.0001,4765.95,52420.73,0.0,0.0001,LOW
ATM_0004,2023-06-10,Saturday,Morning,56541,6241,Supermarket,0,0,92997,Snowy,2,43818,6,10,5,1,-50300,9.05815443768023,0,51820.46,0.0001,7773.59,59594.05,0.0,0.0001,LOW
ATM_0012,2022-07-10,Sunday,Night,46920,11236,Gas Station,0,0,84781,Rainy,1,47414,7,10,6,1,-35684,4.1754916792738275,0,38365.17,0.0002,3837.28,42202.45,0.0,0.0001,LOW
ATM_0019,2022-08-09,Tuesday,Evening,56210,3487,Supermarket,0,0,98822,Clear,2,59708,8,9,1,0,-52723,16.11525229357798,0,54151.12,0.0001,8123.21,62274.33,0.0,0.0001,LOW
ATM_0044,2022-09-05,Monday,Night,44351,9362,Gas Station,0,0,79346,Rainy,3,29543,9,5,0,0,-34989,4.736836484032896,0,37476.37,0.0002,3748.39,41224.76,0.0,0.0001,LOW
ATM_0030,2022-03-19,Saturday,Morning,58086,6620,Bank Branch,0,0,89684,Clear,3,57425,3,19,5,1,-51466,8.772995015858632,0,52521.54,0.0002,5253.2,57774.74,0.0,0.0001,LOW
ATM_0037,2022-08-24,Wednesday,Afternoon,53321,11969,Mall,0,0,82739,Snowy,2,47392,8,24,2,0,-41352,4.454553049289891,0,44649.5,0.0001,6697.87,51347.37,0.0,0.0001,LOW
ATM_0009,2023-06-12,Monday,Night,71248,11516,Standalone,0,0,103060,Snowy,2,61679,6,12,0,0,-59732,6.186333246505166,0,62084.47,0.0002,9313.91,71398.38,0.0,0.0001,LOW
ATM_0015,2023-08-08,Tuesday,Afternoon,61370,3758,Bank Branch,0,0,98649,Rainy,0,67259,8,8,1,0,-57612,16.32615057196063,0,59824.03,0.0001,5983.0,65807.03,0.0,0.0001,LOW
ATM_0021,2023-05-09,Tuesday,Night,71829,15182,Gas Station,0,0,104975,Clear,3,62558,5,9,1,0,-56647,4.730883224659158,0,61808.62,0.0001,6181.48,67990.1,0.0,0.0001,LOW
ATM_0010,2023-10-05,Thursday,Afternoon,57892,6971,Standalone,0,0,94250,Snowy,1,51345,10,5,3,0,-50921,8.303499713138267,0,52774.4,0.0001,7916.69,60691.09,0.0,0.0001,LOW
ATM_0019,2023-12-05,Tuesday,Afternoon,48107,6980,Gas Station,0,0,85313,Snowy,2,48675,12,5,1,0,-41127,6.891133075490617,0,43991.35,0.0001,4399.57,48390.92,0.0,0.0001,LOW
ATM_0022,2023-12-28,Thursday,Evening,44141,14859,Gas Station,0,0,72722,Rainy,1,26117,12,28,3,0,-29282,2.9704576043068642,0,32076.48,0.0002,3208.29,35284.77,0.0,0.0001,LOW
ATM_0043,2022-09-13,Tuesday,Evening,61637,8328,Mall,0,0,97310,Clear,3,53875,9,13,1,0,-53309,7.400288149837916,0,55362.13,0.0002,8305.43,63667.56,0.0,0.0001,LOW
ATM_0004,2023-07-07,Friday,Night,64177,7977,Gas Station,0,0,105369,Clear,0,65287,7,7,4,0,-56200,8.044246678365505,0,57566.8,0.0001,5757.26,63324.06,0.0,0.0001,LOW
ATM_0023,2022-10-11,Tuesday,Afternoon,60504,11338,Gas Station,0,0,96304,Clear,3,58581,10,11,1,0,-49166,5.335920275156539,0,51562.7,0.0001,5156.79,56719.49,0.0,0.0001,LOW
ATM_0002,2023-05-05,Friday,Morning,51347,5958,Standalone,0,0,88004,Rainy,2,37737,5,5,4,0,-45389,8.61671421379426,0,47520.86,0.0001,7128.6,54649.46,0.0,0.0001,LOW
ATM_0043,2023-12-07,Thursday,Evening,57178,13088,Mall,0,1,93459,Clear,0,46756,12,7,3,0,-44090,4.368400947360379,1,52935.53,0.0001,7940.86,60876.39,0.0,0.0001,LOW
ATM_0015,2023-02-16,Thursday,Evening,76310,12689,Supermarket,0,0,102669,Snowy,5,74434,2,16,3,0,-63621,6.013396375098503,0,65651.15,0.0001,9848.33,75499.48,0.0,0.0001,LOW
ATM_0005,2022-03-31,Thursday,Evening,61722,10466,Supermarket,0,0,90266,Rainy,1,65352,3,31,3,0,-51256,5.8968185726569216,0,53901.45,0.0002,8086.3,61987.75,0.0,0.0001,LOW
ATM_0018,2022-07-12,Tuesday,Evening,41844,10150,Gas Station,0,0,74071,Rainy,2,26050,7,12,1,0,-31694,4.122155452664762,0,34163.29,0.0001,3416.67,37579.96,0.0,0.0001,LOW
ATM_0020,2022-05-17,Tuesday,Morning,46018,9057,Gas Station,0,0,77243,Rainy,5,31733,5,17,1,0,-36961,5.080370942812983,0,38119.02,0.0002,3812.66,41931.68,0.0,0.0001,LOW
ATM_0034,2023-09-07,Thursday,Night,53461,14772,Supermarket,0,1,83045,Cloudy,3,58401,9,7,3,0,-38689,3.618831652338726,1,48038.48,0.0002,7206.73,55245.21,0.0,0.0001,LOW
ATM_0008,2022-03-16,Wednesday,Evening,64001,8386,Standalone,0,0,98617,Clear,0,47962,3,16,2,0,-55615,7.630976511267438,0,57411.74,0.0001,8612.34,66024.08,0.0,0.0001,LOW
ATM_0020,2023-07-14,Friday,Night,44367,6673,Bank Branch,0,1,81755,Cloudy,2,52415,7,14,4,0,-37694,6.6477374887623615,1,47031.4,0.0001,4703.61,51735.01,0.0,0.0001,LOW
ATM_0002,2022-09-18,Sunday,Morning,53533,10843,Gas Station,0,0,91851,Snowy,2,43069,9,18,6,1,-42690,4.936646993729251,0,45954.96,0.0001,4595.96,50550.92,0.0,0.0001,LOW
ATM_0002,2023-03-27,Monday,Afternoon,45356,9696,Gas Station,0,1,76350,Snowy,5,48345,3,27,0,0,-35660,4.6773228833659894,1,44856.6,0.0001,4486.11,49342.71,0.0,0.0001,LOW
ATM_0007,2023-12-25,Monday,Night,71499,15734,Standalone,1,0,111846,Cloudy,0,69088,12,25,0,0,-55765,4.543946615824595,1,63921.09,0.0001,12784.86,76705.95,0.0,0.0001,LOW
ATM_0007,2022-04-30,Saturday,Morning,36068,10507,Standalone,0,0,94637,Snowy,2,34137,4,30,5,1,-25561,3.4324324324324325,0,27939.38,0.0,4190.91,32130.29,0.0,0.0,LOW
ATM_0036,2023-03-11,Saturday,Night,54399,1343,Supermarket,0,0,107190,Rainy,0,44285,3,11,5,1,-53056,40.47544642857143,0,54637.9,0.0,8195.69,62833.59,0.0,0.0,LOW
ATM_0015,2023-08-28,Monday,Afternoon,43996,5964,Bank Branch,0,0,93331,Clear,3,39394,8,28,0,0,-38032,7.3756915339480305,0,40280.44,0.0,4028.04,44308.48,0.0,0.0,LOW
ATM_0003,2022-04-06,Wednesday,Evening,39435,12785,Supermarket,0,0,96835,Cloudy,1,29940,4,6,2,0,-26650,3.0842327545753165,0,30547.76,0.0,4582.16,35129.92,0.0,0.0,LOW
ATM_0038,2023-08-14,Monday,Afternoon,59583,12779,Supermarket,0,0,93822,Cloudy,1,45498,8,14,0,0,-46804,4.662206572769953,0,49123.56,0.0,7368.53,56492.09,0.0,0.0,LOW
ATM_0037,2023-01-06,Friday,Night,64865,20193,Bank Branch,0,0,125336,Clear,3,55873,1,6,4,0,-44672,3.2120927008022186,0,48199.36,0.0,4819.94,53019.3,0.0,0.0,LOW
ATM_0043,2023-08-15,Tuesday,Night,44597,20145,Standalone,0,0,122097,Cloudy,0,23488,8,15,1,0,-24452,2.213690062543433,0,28775.32,0.0,4316.3,33091.62,0.0,0.0,LOW
ATM_0001,2022-01-20,Thursday,Evening,24671,13922,Mall,0,0,118171,Rainy,4,11316,1,20,3,0,-10749,1.771960066077713,0,15267.38,0.0,2290.11,17557.49,0.0,0.0,LOW
ATM_0020,2023-01-11,Wednesday,Evening,39197,8769,Mall,0,0,97737,Cloudy,4,31557,1,11,2,0,-30428,4.469441277080958,0,33860.6,0.0,5079.09,38939.69,0.0,0.0,LOW
ATM_0009,2023-11-06,Monday,Morning,43539,12860,Mall,0,0,121177,Snowy,3,29525,11,6,0,0,-30679,3.385351061348262,0,34649.83,0.0,5197.47,39847.3,0.0,0.0,LOW
ATM_0027,2022-05-15,Sunday,Night,54447,9590,Standalone,0,0,102260,Clear,0,43537,5,15,6,1,-44857,5.6768845792930875,0,47402.24,0.0,7110.34,54512.58,0.0,0.0,LOW
ATM_0023,2022-06-25,Saturday,Night,70668,20039,Supermarket,0,0,131843,Snowy,1,71588,6,25,5,1,-50629,3.5263473053892214,0,55431.93,0.0,8314.79,63746.72,0.0,0.0,LOW
ATM_0004,2022-08-24,Wednesday,Night,30151,2900,Mall,0,0,76185,Snowy,2,27136,8,24,2,0,-27251,10.393312650810065,0,29281.55,0.0,4392.23,33673.78,0.0,0.0,LOW
ATM_0048,2023-07-10,Monday,Afternoon,41167,17035,Bank Branch,0,0,119648,Snowy,4,36426,7,10,0,0,-24132,2.416471002582766,0,28725.33,0.0,2872.53,31597.86,0.0,0.0,LOW
ATM_0032,2022-05-26,Thursday,Afternoon,42363,14676,Supermarket,0,0,89337,Clear,3,25506,5,26,3,0,-27687,2.886352796893098,0,29837.91,0.0,4475.69,34313.6,0.0,0.0,LOW
ATM_0004,2022-04-01,Friday,Evening,30029,8901,Standalone,0,0,94081,Rainy,1,24896,4,1,4,0,-21128,3.373286901819816,0,23952.8,0.0,3592.92,27545.72,0.0,0.0,LOW
ATM_0009,2023-02-15,Wednesday,Night,31090,13478,Mall,0,0,84638,Snowy,4,22647,2,15,2,0,-17612,2.306550931077973,0,20506.62,0.0,3075.99,23582.61,0.0,0.0,LOW
ATM_0007,2023-08-03,Thursday,Night,45870,17886,Gas Station,0,0,89891,Cloudy,5,38166,8,3,3,0,-27984,2.564432269245821,0,30974.2,0.0,3097.42,34071.62,0.0,0.0,LOW
ATM_0009,2022-01-29,Saturday,Afternoon,52592,0,Standalone,0,0,113246,Rainy,0,52023,1,29,5,1,-52592,52592.0,0,53139.5,0.0,7970.93,61110.43,0.0,0.0,LOW
ATM_0016,2022-08-21,Sunday,Afternoon,70879,14152,Supermarket,0,0,134042,Clear,2,65834,8,21,6,1,-56727,5.008054829364799,0,60583.88,0.0,9087.58,69671.46,0.0,0.0,LOW
ATM_0014,2023-09-11,Monday,Night,36955,8994,Mall,0,0,126550,Rainy,0,26294,9,11,0,0,-27961,4.108393551973318,0,30941.9,0.0,4641.29,35583.19,0.0,0.0,LOW
ATM_0012,2022-11-03,Thursday,Night,47072,11356,Bank Branch,0,0,118963,Rainy,3,44364,11,3,3,0,-35716,4.144756537818086,0,37761.44,0.0,3776.14,41537.58,0.0,0.0,LOW
ATM_0009,2022-12-21,Wednesday,Morning,74077,13976,Supermarket,0,1,124499,Rainy,5,80816,12,21,2,0,-60101,5.2999212992773845,1,70973.1,0.0,10645.97,81619.07,0.0,0.0,LOW
ATM_0005,2022-07-02,Saturday,Evening,35139,4254,Supermarket,0,1,110359,Cloudy,5,32647,7,2,5,1,-30885,8.25828437132785,1,40233.49,0.0,6035.02,46268.51,0.0,0.0,LOW
ATM_0029,2022-08-30,Tuesday,Night,29881,8548,Gas Station,0,0,115423,Snowy,2,19231,8,30,1,0,-21333,3.4952626038133117,0,24139.5,0.0,2413.95,26553.45,0.0,0.0,LOW
ATM_0040,2023-04-19,Wednesday,Night,49580,10442,Bank Branch,0,0,83309,Cloudy,2,32376,4,19,2,0,-39138,4.747677870343771,0,41292.41,0.0,4129.24,45421.65,0.0,0.0,LOW
ATM_0018,2023-07-01,Saturday,Morning,61164,18721,Standalone,0,0,99471,Cloudy,4,56866,7,1,5,1,-42443,3.266958658263006,0,46367.19,0.0,6955.08,53322.27,0.0,0.0,LOW
ATM_0005,2023-03-06,Monday,Evening,59920,19209,Gas Station,0,0,92184,Cloudy,1,47226,3,6,0,0,-40711,3.1192087454450808,0,43669.57,0.0,4366.96,48036.53,0.0,0.0,LOW
ATM_0019,2022-06-21,Tuesday,Night,52502,6337,Gas Station,0,0,107945,Rainy,1,46440,6,21,1,0,-46165,8.283685705269802,0,48535.95,0.0,4853.6,53389.55,0.0,0.0,LOW
ATM_0039,2022-03-28,Monday,Evening,27772,10787,Mall,0,1,124559,Snowy,1,20923,3,28,0,0,-16985,2.574341861327401,1,27712.08,0.0,4156.81,31868.89,0.0,0.0,LOW
ATM_0030,2022-09-05,Monday,Morning,29569,14765,Mall,0,0,75643,Rainy,1,12515,9,5,0,0,-14804,2.002505756467561,0,18296.74,0.0,2744.51,21041.25,0.0,0.0,LOW
ATM_0026,2022-11-15,Tuesday,Morning,53345,10344,Standalone,0,0,94964,Snowy,3,34697,11,15,1,0,-43001,5.156597390043499,0,45901.37,0.0,6885.21,52786.58,0.0,0.0,LOW
ATM_0037,2022-01-14,Friday,Morning,57167,8217,Mall,0,0,101551,Rainy,4,42028,1,14,4,0,-48950,6.95631540520808,0,50725.29,0.0,7608.79,58334.08,0.0,0.0,LOW
ATM_0015,2022-08-11,Thursday,Evening,44757,4724,Supermarket,0,0,99203,Snowy,3,45059,8,11,3,0,-40033,9.472380952380952,0,40789.44,0.0,6118.42,46907.86,0.0,0.0,LOW
ATM_0020,2022-06-17,Friday,Afternoon,41115,5386,Supermarket,0,0,99953,Rainy,5,33960,6,17,4,0,-35729,7.632262855021348,0,37386.29,0.0,5607.94,42994.23,0.0,0.0,LOW
ATM_0049,2022-11-27,Sunday,Night,39076,4537,Gas Station,0,1,117085,Cloudy,3,49369,11,27,6,1,-34539,8.610841780520053,1,44393.84,0.0,4439.38,48833.22,0.0,0.0,LOW
ATM_0006,2022-12-28,Wednesday,Afternoon,63540,0,Supermarket,0,0,126551,Rainy,1,74411,12,28,2,0,-63540,63540.0,0,62876.12,0.0,9431.42,72307.54,0.0,0.0,LOW
ATM_0028,2022-06-17,Friday,Evening,47645,10708,Gas Station,0,0,93589,Rainy,3,32885,6,17,4,0,-36937,4.4490615370249325,0,39551.95,0.0,3955.19,43507.14,0.0,0.0,LOW
ATM_0021,2022-01-11,Tuesday,Morning,70935,4696,Bank Branch,0,0,129489,Clear,4,77307,1,11,1,0,-66239,15.102192889078134,0,67382.57,0.0,6738.26,74120.83,0.0,0.0,LOW
ATM_0003,2023-12-22,Friday,Morning,45061,3458,Gas Station,0,0,118610,Cloudy,3,41142,12,22,4,0,-41603,13.027175484244001,0,42967.49,0.0,4296.75,47264.24,0.0,0.0,LOW
ATM_0005,2023-10-23,Monday,Evening,54671,7903,Standalone,0,0,127761,Cloudy,1,47972,10,23,0,0,-46768,6.916877530364372,0,49584.85,0.0,7437.73,57022.58,0.0,0.0,LOW
ATM_0048,2023-12-24,Sunday,Evening,38708,14052,Standalone,1,0,94919,Clear,5,37549,12,24,6,1,-24656,2.754429659147513,1,34446.62,0.0,6889.32,41335.94,0.0,0.0,LOW
ATM_0019,2022-06-30,Thursday,Afternoon,58988,6502,Mall,0,0,109610,Cloudy,4,49973,6,30,3,0,-52486,9.070890358296172,0,53889.79,0.0,8083.47,61973.26,0.0,0.0,LOW
ATM_0010,2023-12-24,Sunday,Morning,43819,13693,Gas Station,1,0,118367,Snowy,2,48280,12,24,6,1,-30126,3.199868555571783,1,38761.76,0.0,5814.26,44576.02,0.0,0.0,LOW
ATM_0037,2022-08-19,Friday,Afternoon,58366,9460,Standalone,0,1,102803,Cloudy,4,62719,8,19,4,0,-48906,6.169115315505761,1,60377.25,0.0,9056.59,69433.84,0.0,0.0,LOW
ATM_0002,2022-10-11,Tuesday,Evening,9645,8638,Bank Branch,0,0,95514,Rainy,5,5027,10,11,1,0,-1007,1.1164486630397037,0,4444.85,0.0,444.49,4889.34,0.0,0.0,LOW
ATM_0023,2022-06-28,Tuesday,Night,60038,4606,Supermarket,0,0,105201,Snowy,3,51438,6,28,1,0,-55432,13.031907966138485,0,57875.81,0.0,8681.37,66557.18,0.0,0.0,LOW
ATM_0018,2022-12-15,Thursday,Afternoon,37573,12203,Bank Branch,0,0,130013,Rainy,3,35149,12,15,3,0,-25370,3.0787446738774173,0,27670.6,0.0,2767.06,30437.66,0.0,0.0,LOW
ATM_0020,2022-04-14,Thursday,Afternoon,30613,7931,Bank Branch,0,0,107534,Cloudy,2,20797,4,14,3,0,-22682,3.859430156328795,0,25034.73,0.0,2503.47,27538.2,0.0,0.0,LOW
ATM_0004,2022-09-05,Monday,Afternoon,53126,0,Standalone,0,0,150222,Clear,3,62912,9,5,0,0,-53126,53126.0,0,53353.11,0.0,8002.97,61356.08,0.0,0.0,LOW
ATM_0004,2022-05-09,Monday,Afternoon,49701,8437,Bank Branch,0,0,89552,Clear,3,48627,5,9,0,0,-41264,5.890139843564826,0,44158.36,0.0,4415.84,48574.2,0.0,0.0,LOW
ATM_0026,2022-11-09,Wednesday,Morning,46117,11806,Mall,0,0,133433,Rainy,2,35914,11,9,2,0,-34311,3.9059032777166087,0,36931.37,0.0,5539.71,42471.08,0.0,0.0,LOW
ATM_0024,2022-03-31,Thursday,Afternoon,66063,11483,Standalone,0,0,115971,Clear,3,59505,3,31,3,0,-54580,5.752612330198537,0,57401.15,0.0,8610.17,66011.32,0.0,0.0,LOW
ATM_0050,2023-06-14,Wednesday,Morning,46044,10521,Supermarket,0,0,89106,Rainy,5,30350,6,14,2,0,-35523,4.375974149401254,0,37559.84,0.0,5633.98,43193.82,0.0,0.0,LOW
ATM_0023,2023-05-24,Wednesday,Morning,51260,9577,Gas Station,0,0,86945,Rainy,1,40798,5,24,2,0,-41683,5.351847984965546,0,43915.29,0.0,4391.53,48306.82,0.0,0.0,LOW
ATM_0033,2023-10-09,Monday,Afternoon,32449,13389,Standalone,0,0,98954,Clear,3,21161,10,9,0,0,-19060,2.423375653472741,0,21728.08,0.0,3259.21,24987.29,0.0,0.0,LOW
ATM_0008,2023-02-25,Saturday,Afternoon,45374,19679,Mall,0,0,87454,Snowy,5,28426,2,25,5,1,-25695,2.305589430894309,0,29879.46,0.0,4481.92,34361.38,0.0,0.0,LOW
ATM_0028,2022-09-01,Thursday,Evening,8372,18962,Bank Branch,0,0,113681,Clear,3,0,9,1,3,0,10590,0.4414913252122554,0,0.0,0.0,0.0,0.0,0.0,0.0,LOW
ATM_0028,2022-03-16,Wednesday,Evening,38484,19131,Mall,0,0,81846,Clear,2,26292,3,16,2,0,-19353,2.0114990591678863,0,23586.53,0.0,3537.98,27124.51,0.0,0.0,LOW
ATM_0039,2023-07-30,Sunday,Night,42153,6352,Supermarket,0,0,101607,Cloudy,4,35928,7,30,6,1,-35801,6.635133008027704,0,37667.76,0.0,5650.16,43317.92,0.0,0.0,LOW
ATM_0029,2023-04-17,Monday,Morning,70554,11891,Standalone,0,0,101638,Rainy,5,64207,4,17,0,0,-58663,5.932896064581231,0,60159.82,0.0,9023.97,69183.79,0.0,0.0,LOW
ATM_0028,2022-01-25,Tuesday,Morning,70441,10945,Supermarket,1,0,131637,Clear,0,79867,1,25,1,0,-59496,6.435318837931664,1,66729.31,0.0,13345.86,80075.17,0.0,0.0,LOW
ATM_0033,2023-06-22,Thursday,Morning,75105,8874,Supermarket,0,0,130493,Clear,2,64829,6,22,3,0,-66231,8.462535211267605,0,67615.01,0.0,10142.25,77757.26,0.0,0.0,LOW
ATM_0026,2023-11-04,Saturday,Morning,49921,7340,Gas Station,0,1,94598,Clear,3,49865,11,4,5,1,-42581,6.8002996866911865,1,51637.69,0.0,5163.77,56801.46,0.0,0.0,LOW
ATM_0033,2023-04-30,Sunday,Evening,31415,6372,Mall,0,0,78433,Snowy,3,27397,4,30,6,1,-25043,4.929389612427428,0,27891.36,0.0,4183.7,32075.06,0.0,0.0,LOW
ATM_0039,2022-02-16,Wednesday,Evening,72649,6810,Mall,0,0,126701,Cloudy,2,69686,2,16,2,0,-65839,10.66642196446924,0,68836.94,0.0,10325.54,79162.48,0.0,0.0,LOW
ATM_0026,2023-07-25,Tuesday,Afternoon,39730,8689,Gas Station,0,0,91413,Clear,0,33553,7,25,1,0,-31041,4.571921749136939,0,33434.6,0.0,3343.46,36778.06,0.0,0.0,LOW
ATM_0031,2022-06-09,Thursday,Night,33903,16077,Bank Branch,0,0,75526,Clear,5,26559,6,9,3,0,-17826,2.108657793257868,0,20019.26,0.0,2001.93,22021.19,0.0,0.0,LOW
ATM_0043,2022-10-25,Tuesday,Night,54061,4198,Bank Branch,0,0,121510,Cloudy,1,47837,10,25,1,0,-49863,12.874732079066444,0,52015.35,0.0,5201.53,57216.88,0.0,0.0,LOW
ATM_0023,2023-03-07,Tuesday,Evening,51823,13033,Mall,0,0,149009,Rainy,5,49583,3,7,1,0,-38790,3.9759858830750345,0,42047.34,0.0,6307.1,48354.44,0.0,0.0,LOW
ATM_0047,2023-12-31,Sunday,Morning,34771,10852,Supermarket,1,0,122209,Cloudy,4,27904,12,31,6,1,-23919,3.2038146134709296,1,30772.96,0.0,6154.59,36927.55,0.0,0.0,LOW
ATM_0029,2023-06-17,Saturday,Evening,30955,14923,Mall,0,0,126510,Snowy,2,14122,6,17,5,1,-16032,2.0741758241758244,0,19234.31,0.0,2885.15,22119.46,0.0,0.0,LOW
ATM_0025,2023-05-08,Monday,Evening,48469,12874,Supermarket,0,0,109805,Cloudy,3,48859,5,8,0,0,-35595,3.7645825242718445,0,38741.35,0.0,5811.2,44552.55,0.0,0.0,LOW
ATM_0034,2023-06-12,Monday,Night,48776,3513,Gas Station,0,0,103202,Snowy,3,48249,6,12,0,0,-45263,13.880478087649402,0,47333.07,0.0,4733.31,52066.38,0.0,0.0,LOW
ATM_0007,2022-03-28,Monday,Night,41245,6941,Standalone,0,0,104555,Clear,2,31164,3,28,0,0,-34304,5.941371362719678,0,36368.48,0.0,5455.27,41823.75,0.0,0.0,LOW
ATM_0043,2023-09-15,Friday,Evening,51381,947,Gas Station,0,0,130650,Snowy,1,56457,9,15,4,0,-50434,54.199367088607595,0,51822.29,0.0,5182.23,57004.52,0.0,0.0,LOW
ATM_0049,2022-04-02,Saturday,Morning,29614,8827,Gas Station,0,0,76052,Rainy,0,24975,4,2,5,1,-20787,3.3545536927956503,0,23341.67,0.0,2334.17,25675.84,0.0,0.0,LOW
ATM_0047,2022-02-03,Thursday,Afternoon,40502,7375,Standalone,0,0,91291,Snowy,3,35400,2,3,3,0,-33127,5.491052060737527,0,35520.22,0.0,5328.03,40848.25,0.0,0.0,LOW
ATM_0022,2022-08-08,Monday,Afternoon,46894,18919,Gas Station,0,0,82080,Cloudy,1,28614,8,8,0,0,-27975,2.4785412262156448,0,31660.23,0.0,3166.02,34826.25,0.0,0.0,LOW
ATM_0002,2023-11-25,Saturday,Afternoon,59182,16015,Mall,0,0,123606,Cloudy,0,52710,11,25,5,1,-43167,3.69517982017982,0,47993.02,0.0,7198.95,55191.97,0.0,0.0,LOW
ATM_0038,2022-06-14,Tuesday,Night,31279,12548,Mall,0,0,109568,Cloudy,5,26996,6,14,1,0,-18731,2.4925492071081363,0,21442.77,0.0,3216.42,24659.19,0.0,0.0,LOW
ATM_0024,2022-10-25,Tuesday,Evening,43159,10595,Standalone,0,0,88919,Clear,2,37142,10,25,1,0,-32564,4.0731408078520195,0,34925.96,0.0,5238.89,40164.85,0.0,0.0,LOW
ATM_0037,2023-08-24,Thursday,Afternoon,42497,17155,Supermarket,0,0,123317,Cloudy,5,24355,8,24,3,0,-25342,2.4770925623688504,0,28684.44,0.0,4302.67,32987.11,0.0,0.0,LOW
ATM_0030,2022-08-31,Wednesday,Night,24679,11202,Bank Branch,0,0,117605,Clear,3,14825,8,31,2,0,-13477,2.202892082477908,0,15704.76,0.0,1570.48,17275.24,0.0,0.0,LOW
ATM_0014,2022-01-14,Friday,Afternoon,48806,3958,Standalone,0,0,86714,Rainy,5,51319,1,14,4,0,-44848,12.327860570851225,0,46968.37,0.0,7045.26,54013.63,0.0,0.0,LOW
ATM_0004,2022-01-29,Saturday,Morning,43674,2260,Supermarket,0,0,117831,Rainy,2,39267,1,29,5,1,-41414,19.31623175586024,0,43036.04,0.0,6455.41,49491.45,0.0,0.0,LOW
ATM_0011,2023-09-22,Friday,Evening,23600,11035,Supermarket,0,1,103720,Clear,3,22175,9,22,4,0,-12565,2.138455962305183,1,21584.11,0.0,3237.62,24821.73,0.0,0.0,LOW
ATM_0018,2023-02-28,Tuesday,Night,51921,7637,Bank Branch,0,0,109775,Cloudy,5,42230,2,28,1,0,-44284,6.7977219167321286,0,46506.75,0.0,4650.68,51157.43,0.0,0.0,LOW
ATM_0013,2023-01-03,Tuesday,Morning,33263,10123,Supermarket,0,0,76443,Cloudy,1,21496,1,3,1,0,-23140,3.2855590675622284,0,25804.42,0.0,3870.66,29675.08,0.0,0.0,LOW
ATM_0010,2022-12-11,Sunday,Afternoon,43628,7478,Gas Station,0,0,101432,Cloudy,0,30014,12,11,6,1,-36150,5.833400187190801,0,38139.56,0.0,3813.96,41953.52,0.0,0.0,LOW
ATM_0001,2022-06-19,Sunday,Afternoon,61802,12952,Bank Branch,0,0,122797,Rainy,2,45472,6,19,6,1,-48850,4.771249903497259,0,52103.98,0.0,5210.4,57314.38,0.0,0.0,LOW
ATM_0003,2023-01-17,Tuesday,Night,48775,11535,Gas Station,0,0,92456,Clear,1,36817,1,17,1,0,-37240,4.228068654646324,0,39072.53,0.0,3907.25,42979.78,0.0,0.0,LOW
ATM_0007,2023-06-13,Tuesday,Afternoon,54545,19610,Supermarket,0,0,100352,Clear,2,41378,6,13,1,0,-34935,2.781347203100301,0,39295.76,0.0,5894.36,45190.12,0.0,0.0,LOW
ATM_0005,2023-02-27,Monday,Night,50939,12244,Gas Station,0,0,94851,Clear,1,40029,2,27,0,0,-38695,4.159983666802777,0,41699.79,0.0,4169.98,45869.77,0.0,0.0,LOW
ATM_0014,2023-08-17,Thursday,Afternoon,34826,7211,Gas Station,0,0,77300,Snowy,2,34122,8,17,3,0,-27615,4.828896283971159,0,29870.79,0.0,2987.08,32857.87,0.0,0.0,LOW
ATM_0032,2023-10-13,Friday,Morning,74726,13777,Supermarket,0,0,126117,Rainy,3,67369,10,13,4,0,-60949,5.423573813325592,0,63607.45,0.0,9541.12,73148.57,0.0,0.0,LOW
ATM_0019,2022-11-07,Monday,Evening,52113,7896,Bank Branch,0,0,95617,Rainy,2,49238,11,7,0,0,-44217,6.599088261365075,0,46518.96,0.0,4651.9,51170.86,0.0,0.0,LOW
ATM_0045,2023-07-23,Sunday,Afternoon,51022,9190,Standalone,0,0,101110,Cloudy,1,50366,7,23,6,1,-41832,5.5513001849635515,0,44833.49,0.0,6725.02,51558.51,0.0,0.0,LOW
ATM_0047,2022-03-14,Monday,Afternoon,27215,4613,Gas Station,0,0,122146,Clear,2,21976,3,14,0,0,-22602,5.898352839185089,0,24392.65,0.0,2439.27,26831.92,0.0,0.0,LOW
ATM_0024,2022-02-12,Saturday,Afternoon,49086,8681,Mall,0,0,111158,Clear,4,44332,2,12,5,1,-40405,5.653766413268832,0,43162.82,0.0,6474.42,49637.24,0.0,0.0,LOW
ATM_0003,2023-12-14,Thursday,Afternoon,53691,11981,Gas Station,0,0,104457,Clear,2,39082,12,14,3,0,-41710,4.480971457185778,0,44355.67,0.0,4435.57,48791.24,0.0,0.0,LOW
ATM_0008,2023-09-11,Monday,Afternoon,57738,22285,Supermarket,0,0,93974,Cloudy,0,52166,9,11,0,0,-35453,2.590774477250292,0,39758.56,0.0,5963.78,45722.34,0.0,0.0,LOW
ATM_0038,2023-09-23,Saturday,Afternoon,31367,17965,Standalone,0,0,79237,Cloudy,5,13054,9,23,5,1,-13402,1.7459089391072025,0,17670.58,0.0,2650.59,20321.17,0.0,0.0,LOW
ATM_0044,2023-09-06,Wednesday,Afternoon,28274,8538,Standalone,0,0,81244,Cloudy,4,21550,9,6,2,0,-19736,3.3111605574423235,0,23391.33,0.0,3508.7,26900.03,0.0,0.0,LOW
ATM_0036,2023-11-17,Friday,Afternoon,39625,14657,Standalone,0,0,116493,Clear,1,22069,11,17,4,0,-24968,2.703301951152954,0,28403.9,0.0,4260.59,32664.49,0.0,0.0,LOW
ATM_0017,2022-03-22,Tuesday,Evening,53734,10842,Mall,0,0,88623,Clear,4,45689,3,22,1,0,-42892,4.955639583141197,0,45818.92,0.0,6872.84,52691.76,0.0,0.0,LOW
ATM_0045,2023-12-22,Friday,Afternoon,77061,8451,Bank Branch,0,0,115519,Clear,3,65280,12,22,4,0,-68610,9.117486985328917,0,70842.08,0.0,7084.21,77926.29,0.0,0.0,LOW
ATM_0038,2023-11-16,Thursday,Morning,18133,8988,Standalone,0,0,148439,Clear,4,12737,11,16,3,0,-9145,2.017243297363444,0,10765.74,0.0,1614.86,12380.6,0.0,0.0,LOW
ATM_0024,2023-03-01,Wednesday,Morning,46183,16824,Supermarket,0,0,141465,Clear,3,29375,3,1,2,0,-29359,2.7449034175334326,0,32092.25,0.0,4813.84,36906.09,0.0,0.0,LOW
ATM_0030,2022-04-13,Wednesday,Evening,48359,8454,Supermarket,0,0,101637,Rainy,0,40381,4,13,2,0,-39905,5.719574216439977,0,40838.44,0.0,6125.77,46964.21,0.0,0.0,LOW
ATM_0018,2022-11-19,Saturday,Night,54670,12562,Bank Branch,0,1,111780,Rainy,3,58652,11,19,5,1,-42108,4.351667595319589,1,51283.71,0.0,5128.37,56412.08,0.0,0.0,LOW
ATM_0047,2022-10-02,Sunday,Morning,41799,9496,Bank Branch,0,0,96068,Cloudy,2,28299,10,2,6,1,-32303,4.401284616194587,0,35224.01,0.0,3522.4,38746.41,0.0,0.0,LOW
ATM_0017,2023-09-26,Tuesday,Night,62158,19896,Mall,0,0,143815,Rainy,1,53032,9,26,1,0,-42262,3.1239885409860784,0,45247.82,0.0,6787.17,52034.99,0.0,0.0,LOW
ATM_0039,2022-04-20,Wednesday,Afternoon,51455,9250,Gas Station,0,0,113583,Snowy,0,50026,4,20,2,0,-42205,5.562101394443844,0,44580.83,0.0,4458.08,49038.91,0.0,0.0,LOW
ATM_0012,2023-10-08,Sunday,Night,32972,8445,Standalone,0,0,123122,Cloudy,0,23207,10,8,6,1,-24527,3.903859815297182,0,27928.12,0.0,4189.22,32117.34,0.0,0.0,LOW
ATM_0015,2022-06-21,Tuesday,Night,39227,20028,Gas Station,0,0,125260,Clear,5,29425,6,21,1,0,-19199,1.958510160267612,0,21698.97,0.0,2169.9,23868.87,0.0,0.0,LOW
ATM_0042,2023-07-24,Monday,Morning,55938,16921,Standalone,0,0,89623,Cloudy,1,33148,7,24,0,0,-39017,3.30563763148564,0,42475.63,0.0,6371.34,48846.97,0.0,0.0,LOW
ATM_0006,2023-12-03,Sunday,Morning,60984,15387,Mall,0,0,124306,Cloudy,5,49594,12,3,6,1,-45597,3.963088120613465,0,50259.65,0.0,7538.95,57798.6,0.0,0.0,LOW
ATM_0003,2023-02-02,Thursday,Evening,19315,10605,Mall,0,0,107273,Cloudy,2,14027,2,2,3,0,-8710,1.8211389779370168,0,11086.26,0.0,1662.94,12749.2,0.0,0.0,LOW
ATM_0034,2023-02-14,Tuesday,Night,40513,10933,Supermarket,0,0,104548,Cloudy,5,28989,2,14,1,0,-29580,3.7052313883299797,0,32103.17,0.0,4815.48,36918.65,0.0,0.0,LOW
ATM_0041,2023-08-21,Monday,Evening,34297,15087,Supermarket,0,0,102298,Clear,3,32119,8,21,0,0,-19210,2.2731309650053024,0,21871.91,0.0,3280.79,25152.7,0.0,0.0,LOW
ATM_0030,2023-04-25,Tuesday,Morning,36414,10666,Mall,0,0,130829,Rainy,5,27365,4,25,1,0,-25748,3.413705821693072,0,28637.82,0.0,4295.67,32933.49,0.0,0.0,LOW
ATM_0031,2022-11-17,Thursday,Evening,53745,0,Supermarket,0,0,115900,Rainy,0,63417,11,17,3,0,-53745,53745.0,0,53857.24,0.0,8078.59,61935.83,0.0,0.0,LOW
ATM_0002,2022-06-24,Friday,Morning,26962,679,Standalone,0,0,126250,Clear,2,29535,6,24,4,0,-26283,39.65,0,28856.88,0.0,4328.53,33185.41,0.0,0.0,LOW
ATM_0043,2023-11-09,Thursday,Evening,48017,17829,Supermarket,0,0,112417,Snowy,2,30656,11,9,3,0,-30188,2.6930454290521593,0,33320.59,0.0,4998.09,38318.68,0.0,0.0,LOW
ATM_0047,2022-08-28,Sunday,Evening,45477,12658,Bank Branch,0,1,100361,Clear,2,37828,8,28,6,1,-32819,3.592463859704558,1,42611.27,0.0,4261.13,46872.4,0.0,0.0,LOW
ATM_0040,2023-12-13,Wednesday,Afternoon,35337,11680,Gas Station,0,0,89417,Snowy,1,27966,12,13,2,0,-23657,3.025169077989898,0,25713.76,0.0,2571.38,28285.14,0.0,0.0,LOW
ATM_0007,2023-04-11,Tuesday,Afternoon,35481,1938,Supermarket,0,0,97069,Cloudy,5,34221,4,11,1,0,-33543,18.29860752965446,0,34659.65,0.0,5198.95,39858.6,0.0,0.0,LOW
ATM_0010,2023-05-06,Saturday,Night,47580,1146,Supermarket,0,0,120175,Clear,2,45144,5,6,5,1,-46434,41.4821272885789,0,47132.81,0.0,7069.92,54202.73,0.0,0.0,LOW
ATM_0039,2023-02-04,Saturday,Night,43302,13355,Mall,0,0,78977,Snowy,2,45006,2,4,5,1,-29947,3.242138364779874,0,33095.18,0.0,4964.28,38059.46,0.0,0.0,LOW
ATM_0036,2023-10-19,Thursday,Morning,44311,9160,Gas Station,0,0,82842,Snowy,3,46821,10,19,3,0,-35151,4.8369173670996615,0,36986.64,0.0,3698.66,40685.3,0.0,0.0,LOW
ATM_0039,2022-05-09,Monday,Morning,24881,7447,Mall,0,0,127085,Snowy,0,22343,5,9,0,0,-17434,3.3406283566058,0,20183.39,0.0,3027.51,23210.9,0.0,0.0,LOW
ATM_0026,2023-12-16,Saturday,Afternoon,52685,6176,Standalone,0,0,125552,Cloudy,2,57609,12,16,5,1,-46509,8.529221304840538,0,48907.03,0.0,7336.05,56243.08,0.0,0.0,LOW
ATM_0041,2023-10-24,Tuesday,Evening,54346,5965,Standalone,0,0,99079,Rainy,4,58577,10,24,1,0,-48381,9.109285953737848,0,50611.69,0.0,7591.75,58203.44,0.0,0.0,LOW
ATM_0046,2022-09-01,Thursday,Evening,59169,11172,Bank Branch,0,0,112021,Clear,5,44703,9,1,3,0,-47997,5.295712879262508,0,51422.94,0.0,5142.29,56565.23,0.0,0.0,LOW
ATM_0035,2023-02-09,Thursday,Night,32673,9812,Supermarket,0,1,93405,Snowy,2,35940,2,9,3,0,-22861,3.3295628248242126,1,30539.58,0.0,4580.94,35120.52,0.0,0.0,LOW
ATM_0009,2023-09-11,Monday,Morning,61787,16768,Standalone,0,0,100006,Rainy,3,36727,9,11,0,0,-45019,3.684596577017115,0,48874.35,0.0,7331.15,56205.5,0.0,0.0,LOW
ATM_0004,2022-01-08,Saturday,Morning,50911,6162,Mall,0,0,89146,Clear,5,52270,1,8,5,1,-44749,8.26074963491806,0,46707.48,0.0,7006.12,53713.6,0.0,0.0,LOW
ATM_0050,2022-02-26,Saturday,Morning,43874,17214,Standalone,0,0,98562,Cloudy,0,34706,2,26,5,1,-26660,2.548591344757479,0,30525.69,0.0,4578.85,35104.54,0.0,0.0,LOW
ATM_0038,2023-04-16,Sunday,Afternoon,62394,9872,Supermarket,0,0,129384,Snowy,5,52441,4,16,6,1,-52522,6.31965967790945,0,54751.17,0.0,8212.68,62963.85,0.0,0.0,LOW
ATM_0004,2023-11-20,Monday,Afternoon,65351,14536,Bank Branch,0,0,110095,Snowy,5,62509,11,20,0,0,-50815,4.495494256036321,0,54577.42,0.0,5457.74,60035.16,0.0,0.0,LOW
ATM_0025,2023-08-10,Thursday,Morning,39861,10851,Supermarket,0,0,89732,Cloudy,1,31788,8,10,3,0,-29010,3.673147806855879,0,32257.49,0.0,4838.62,37096.11,0.0,0.0,LOW
ATM_0013,2023-11-22,Wednesday,Afternoon,60473,10219,Mall,0,0,129014,Snowy,4,47096,11,22,2,0,-50254,5.917123287671233,0,52974.04,0.0,7946.11,60920.15,0.0,0.0,LOW
ATM_0021,2023-03-06,Monday,Morning,47254,6533,Supermarket,0,0,92447,Clear,4,48111,3,6,0,0,-40721,7.2320171411080505,0,42376.17,0.0,6356.43,48732.6,0.0,0.0,LOW
ATM_0049,2022-04-30,Saturday,Night,35769,1555,Supermarket,0,0,101169,Rainy,2,35801,4,30,5,1,-34214,22.987789203084834,0,35633.27,0.0,5344.99,40978.26,0.0,0.0,LOW
ATM_0041,2023-09-17,Sunday,Morning,63444,14226,Gas Station,0,0,99945,Cloudy,2,56006,9,17,6,1,-49218,4.459408167568707,0,52411.02,0.0,5241.1,57652.12,0.0,0.0,LOW
ATM_0001,2022-09-07,Wednesday,Afternoon,49180,9217,Bank Branch,0,0,89063,Clear,5,44319,9,7,2,0,-39963,5.335213712302018,0,41571.11,0.0,4157.11,45728.22,0.0,0.0,LOW
ATM_0037,2022-08-22,Monday,Afternoon,51301,10561,Standalone,0,0,130222,Rainy,5,38266,8,22,0,0,-40740,4.857129331565991,0,42259.56,0.0,6338.93,48598.49,0.0,0.0,LOW
ATM_0026,2023-04-11,Tuesday,Morning,52228,3891,Bank Branch,0,0,106117,Rainy,3,51200,4,11,1,0,-48337,13.419321685508736,0,49693.95,0.0,4969.4,54663.35,0.0,0.0,LOW
ATM_0038,2022-09-24,Saturday,Evening,20119,15969,Bank Branch,0,1,128612,Snowy,1,20579,9,24,5,1,-4150,1.2597996242955543,1,15135.16,0.0,1513.52,16648.68,0.0,0.0,LOW
ATM_0040,2023-03-01,Wednesday,Evening,64765,3352,Standalone,0,0,108094,Snowy,1,51103,3,1,2,0,-61413,19.315538323889054,0,62172.24,0.0,9325.84,71498.08,0.0,0.0,LOW
ATM_0048,2023-10-07,Saturday,Night,37581,12176,Supermarket,0,0,111006,Clear,0,28369,10,7,5,1,-25405,3.0862281350086227,0,27874.14,0.0,4181.12,32055.26,0.0,0.0,LOW
ATM_0022,2022-11-21,Monday,Evening,57095,7289,Supermarket,0,0,172227,Clear,5,47150,11,21,0,0,-49806,7.831961591220851,0,49839.96,0.0,7475.99,57315.95,0.0,0.0,LOW
ATM_0023,2023-08-14,Monday,Morning,33976,12697,Bank Branch,0,0,106383,Snowy,3,27700,8,14,0,0,-21279,2.675696960151205,0,23682.54,0.0,2368.25,26050.79,0.0,0.0,LOW
ATM_0016,2023-04-25,Tuesday,Afternoon,38445,11785,Mall,0,0,72729,Cloudy,3,20744,4,25,1,0,-26660,3.261920923129136,0,30318.39,0.0,4547.76,34866.15,0.0,0.0,LOW
ATM_0047,2022-01-24,Monday,Afternoon,30595,8192,Bank Branch,1,0,114656,Snowy,0,26572,1,24,0,0,-22403,3.7342853655559622,1,29791.72,0.0,4468.76,34260.48,0.0,0.0,LOW
ATM_0050,2022-08-21,Sunday,Night,69992,11794,Supermarket,0,0,146960,Snowy,3,59356,8,21,6,1,-58198,5.934039847392963,0,60836.04,0.0,9125.41,69961.45,0.0,0.0,LOW
ATM_0047,2023-04-08,Saturday,Evening,23471,4871,Mall,0,0,93631,Cloudy,5,15507,4,8,5,1,-18600,4.817528735632184,0,21183.42,0.0,3177.51,24360.93,0.0,0.0,LOW
ATM_0023,2023-02-07,Tuesday,Night,27390,3742,Gas Station,0,0,111775,Rainy,2,19742,2,7,1,0,-23648,7.317659631311782,0,24780.64,0.0,2478.06,27258.7,0.0,0.0,LOW
ATM_0036,2022-10-26,Wednesday,Afternoon,46635,12517,Bank Branch,0,0,93981,Clear,4,30266,10,26,2,0,-34118,3.7254353730627896,0,36473.54,0.0,3647.35,40120.89,0.0,0.0,LOW
ATM_0003,2023-01-06,Friday,Night,63825,8894,Bank Branch,0,0,112157,Rainy,4,45802,1,6,4,0,-54931,7.175379426644182,0,57508.18,0.0,5750.82,63259.0,0.0,0.0,LOW
ATM_0011,2023-10-06,Friday,Evening,32096,18669,Supermarket,0,0,125547,Cloudy,1,18716,10,6,4,0,-13427,1.719121585431173,0,17808.61,0.0,2671.29,20479.9,0.0,0.0,LOW
ATM_0011,2023-10-14,Saturday,Night,56399,9076,Bank Branch,0,0,110776,Snowy,2,47047,10,14,5,1,-47323,6.213396496639859,0,50056.74,0.0,5005.67,55062.41,0.0,0.0,LOW
ATM_0035,2022-12-24,Saturday,Afternoon,64731,14879,Bank Branch,1,0,150072,Rainy,0,47858,12,24,5,1,-49852,4.350201612903226,1,59882.14,0.0,8982.32,68864.46,0.0,0.0,LOW
ATM_0005,2023-09-24,Sunday,Night,16892,13754,Mall,0,0,60626,Rainy,4,5526,9,24,6,1,-3138,1.2280625227190112,0,7374.53,0.0,1106.18,8480.71,0.0,0.0,LOW
ATM_0031,2022-09-17,Saturday,Morning,35721,13901,Gas Station,0,0,88939,Rainy,3,28388,9,17,5,1,-21820,2.569486404833837,0,24708.98,0.0,2470.9,27179.88,0.0,0.0,LOW
ATM_0040,2023-12-16,Saturday,Night,54506,19074,Bank Branch,0,0,88054,Snowy,0,32729,12,16,5,1,-35432,2.857457404980341,0,39400.93,0.0,3940.09,43341.02,0.0,0.0,LOW
ATM_0024,2022-03-24,Thursday,Morning,39556,14998,Supermarket,0,0,95759,Snowy,5,32159,3,24,3,0,-24558,2.637242482832189,0,27845.0,0.0,4176.75,32021.75,0.0,0.0,LOW
ATM_0045,2022-02-18,Friday,Morning,60618,8096,Bank Branch,0,0,100514,Cloudy,1,62709,2,18,4,0,-52522,7.486476472767691,0,54407.36,0.0,5440.74,59848.1,0.0,0.0,LOW
ATM_0030,2022-12-05,Monday,Afternoon,48513,12417,Supermarket,0,0,115607,Cloudy,4,49710,12,5,0,0,-36096,3.9066677403768724,0,38893.14,0.0,5833.97,44727.11,0.0,0.0,LOW
ATM_0010,2023-07-28,Friday,Morning,34617,19169,Supermarket,0,0,109990,Cloudy,5,16473,7,28,4,0,-15448,1.8057902973395932,0,19147.03,0.0,2872.05,22019.08,0.0,0.0,LOW
ATM_0026,2022-08-15,Monday,Morning,61918,12532,Gas Station,0,0,132483,Cloudy,4,49407,8,15,0,0,-49386,4.940397350993377,0,52295.51,0.0,5229.55,57525.06,0.0,0.0,LOW
ATM_0007,2023-03-23,Thursday,Night,44108,18267,Standalone,0,0,87256,Clear,0,23791,3,23,3,0,-25841,2.4144952923144296,0,30092.65,0.0,4513.9,34606.55,0.0,0.0,LOW
ATM_0044,2023-07-14,Friday,Evening,48248,12171,Standalone,0,0,134488,Snowy,4,31961,7,14,4,0,-36077,3.9638514623726584,0,39180.7,0.0,5877.11,45057.81,0.0,0.0,LOW
ATM_0002,2022-04-13,Wednesday,Evening,52996,10977,Mall,0,0,103586,Snowy,1,42756,4,13,2,0,-42019,4.82747312807433,0,44414.01,0.0,6662.1,51076.11,0.0,0.0,LOW
ATM_0038,2023-02-27,Monday,Afternoon,37880,15064,Supermarket,0,0,93292,Rainy,2,28247,2,27,0,0,-22816,2.514437437769665,0,25295.17,0.0,3794.28,29089.45,0.0,0.0,LOW
ATM_0007,2022-05-02,Monday,Evening,42055,18510,Mall,0,0,96976,Clear,5,32365,5,2,0,0,-23545,2.2718923883096536,0,26648.07,0.0,3997.21,30645.28,0.0,0.0,LOW
ATM_0022,2022-06-16,Thursday,Evening,42485,15034,Standalone,0,0,79085,Rainy,5,31849,6,16,3,0,-27451,2.825739940139674,0,30322.22,0.0,4548.33,34870.55,0.0,0.0,LOW
ATM_0042,2023-04-01,Saturday,Evening,41108,14518,Bank Branch,0,0,126773,Snowy,5,40272,4,1,5,1,-26590,2.8313244713823265,0,30254.63,0.0,3025.46,33280.09,0.0,0.0,LOW
ATM_0048,2023-11-24,Friday,Afternoon,22428,13937,Supermarket,0,0,100338,Clear,0,14188,11,24,4,0,-8491,1.6091261300043047,0,12006.06,0.0,1800.91,13806.97,0.0,0.0,LOW
ATM_0008,2022-12-04,Sunday,Afternoon,34415,15127,Standalone,0,0,84281,Cloudy,1,23739,12,4,6,1,-19288,2.274920676890534,0,24149.39,0.0,3622.41,27771.8,0.0,0.0,LOW
ATM_0030,2023-04-02,Sunday,Afternoon,32901,1381,Gas Station,0,0,117100,Clear,3,29630,4,2,6,1,-31520,23.806801736613604,0,32544.15,0.0,3254.42,35798.57,0.0,0.0,LOW
ATM_0018,2023-06-29,Thursday,Morning,52805,12933,Bank Branch,0,0,108909,Snowy,4,51970,6,29,3,0,-39872,4.082650378846451,0,41822.15,0.0,4182.22,46004.37,0.0,0.0,LOW
ATM_0033,2022-01-08,Saturday,Night,49252,9408,Mall,0,0,136107,Cloudy,0,35095,1,8,5,1,-39844,5.234562652779254,0,41715.72,0.0,6257.36,47973.08,0.0,0.0,LOW
ATM_0020,2022-05-15,Sunday,Afternoon,42836,10240,Supermarket,0,1,125988,Rainy,2,36830,5,15,6,1,-32596,4.182794648960063,1,42440.03,0.0,6366.0,48806.03,0.0,0.0,LOW
ATM_0039,2022-04-01,Friday,Morning,39109,6880,Bank Branch,0,0,83559,Rainy,0,40129,4,1,4,0,-32229,5.683621566632757,0,34739.14,0.0,3473.91,38213.05,0.0,0.0,LOW
ATM_0046,2022-11-09,Wednesday,Evening,60229,15458,Gas Station,0,0,110484,Rainy,3,50168,11,9,2,0,-44771,3.896047609806585,0,49027.15,0.0,4902.72,53929.87,0.0,0.0,LOW
ATM_0017,2022-11-29,Tuesday,Morning,20687,10736,Mall,0,1,117228,Clear,4,21043,11,29,1,0,-9951,1.926702058303064,1,18873.87,0.0,2831.08,21704.95,0.0,0.0,LOW
ATM_0046,2023-06-19,Monday,Night,33379,18879,Mall,0,0,76472,Rainy,2,20985,6,19,0,0,-14500,1.7679555084745762,0,17894.64,0.0,2684.2,20578.84,0.0,0.0,LOW
ATM_0030,2023-03-20,Monday,Morning,40186,2982,Bank Branch,0,0,78145,Rainy,0,30583,3,20,0,0,-37204,13.47167281260476,0,37792.25,0.0,3779.23,41571.48,0.0,0.0,LOW
ATM_0044,2023-05-23,Tuesday,Evening,54167,21722,Gas Station,0,1,124925,Clear,5,46214,5,23,1,0,-32445,2.4935322008930627,1,43288.81,0.0,4328.88,47617.69,0.0,0.0,LOW
ATM_0016,2023-08-09,Wednesday,Night,46278,11811,Supermarket,0,0,92346,Rainy,3,41237,8,9,2,0,-34467,3.917880121909922,0,37582.62,0.0,5637.39,43220.01,0.0,0.0,LOW
ATM_0007,2023-10-11,Wednesday,Evening,35866,19362,Gas Station,0,1,130334,Rainy,1,21399,10,11,2,0,-16504,1.8522956153488612,1,27911.98,0.0,2791.2,30703.18,0.0,0.0,LOW
ATM_0034,2023-11-25,Saturday,Night,59868,9896,Supermarket,0,0,132785,Snowy,1,52712,11,25,5,1,-49972,6.049105789633222,0,52412.58,0.0,7861.89,60274.47,0.0,0.0,LOW
ATM_0033,2023-01-10,Tuesday,Night,63859,12728,Supermarket,0,0,107925,Snowy,1,61547,1,10,1,0,-51131,5.01681200408516,0,54119.43,0.0,8117.91,62237.34,0.0,0.0,LOW
ATM_0001,2023-04-27,Thursday,Afternoon,25922,5440,Gas Station,0,0,81182,Snowy,2,21011,4,27,3,0,-20482,4.764197757765117,0,22899.02,0.0,2289.9,25188.92,0.0,0.0,LOW
ATM_0021,2023-04-19,Wednesday,Evening,42389,17811,Standalone,0,0,96848,Clear,3,32319,4,19,2,0,-24578,2.3798001347406244,0,28638.49,0.0,4295.77,32934.26,0.0,0.0,LOW
ATM_0042,2022-08-26,Friday,Evening,48407,12372,Gas Station,0,0,124658,Clear,5,30299,8,26,4,0,-36035,3.912309060050109,0,38557.1,0.0,3855.71,42412.81,0.0,0.0,LOW
ATM_0029,2023-10-30,Monday,Morning,83144,13253,Gas Station,0,0,119678,Cloudy,0,78184,10,30,0,0,-69891,6.273125094311151,0,73425.98,0.0,7342.6,80768.58,0.0,0.0,LOW
ATM_0044,2023-10-15,Sunday,Afternoon,55747,7999,Standalone,0,0,109295,Clear,3,50279,10,15,6,1,-47748,6.968375,0,50570.76,0.0,7585.61,58156.37,0.0,0.0,LOW
ATM_0013,2023-12-30,Saturday,Evening,50713,5066,Standalone,0,0,96289,Rainy,3,57014,12,30,5,1,-45647,10.008486283797119,0,47459.58,0.0,7118.94,54578.52,0.0,0.0,LOW
ATM_0050,2022-02-14,Monday,Afternoon,35905,4753,Bank Branch,0,0,96495,Rainy,5,26490,2,14,0,0,-31152,7.55258729490955,0,32928.38,0.0,3292.84,36221.22,0.0,0.0,LOW
ATM_0026,2022-11-19,Saturday,Afternoon,44713,15027,Bank Branch,0,0,116680,Snowy,5,26767,11,19,5,1,-29686,2.975312749534203,0,32403.08,0.0,3240.31,35643.39,0.0,0.0,LOW
ATM_0017,2023-09-01,Friday,Morning,35605,18171,Bank Branch,0,0,94016,Rainy,1,13346,9,1,4,0,-17434,1.9593330398415145,0,21037.46,0.0,2103.75,23141.21,0.0,0.0,LOW
ATM_0018,2023-05-09,Tuesday,Night,44577,7960,Mall,0,0,93616,Snowy,0,37599,5,9,1,0,-36617,5.5994221831428215,0,38515.78,0.0,5777.37,44293.15,0.0,0.0,LOW
ATM_0038,2022-09-06,Tuesday,Evening,40100,7450,Standalone,0,0,125022,Cloudy,0,35269,9,6,1,0,-32650,5.381827942558046,0,35106.13,0.0,5265.92,40372.05,0.0,0.0,LOW
ATM_0010,2022-02-07,Monday,Morning,58371,13808,Gas Station,0,0,137128,Snowy,0,56289,2,7,0,0,-44563,4.227025852704758,0,47271.96,0.0,4727.2,51999.16,0.0,0.0,LOW
ATM_0018,2023-04-27,Thursday,Night,22647,3747,Mall,0,0,96471,Clear,4,20158,4,27,3,0,-18900,6.042422625400214,0,20013.57,0.0,3002.04,23015.61,0.0,0.0,LOW
ATM_0037,2022-09-13,Tuesday,Morning,55305,15768,Bank Branch,0,0,101373,Clear,3,36693,9,13,1,0,-39537,3.5071976663073117,0,42052.21,0.0,4205.22,46257.43,0.0,0.0,LOW
ATM_0021,2022-01-31,Monday,Night,37851,14244,Gas Station,1,0,107385,Rainy,1,36030,1,31,0,0,-23607,2.657142857142857,1,30070.03,0.0,4510.5,34580.53,0.0,0.0,LOW
ATM_0010,2023-07-09,Sunday,Afternoon,32216,5377,Mall,0,0,118686,Snowy,2,29412,7,9,6,1,-26839,5.990330978058758,0,30043.21,0.0,4506.48,34549.69,0.0,0.0,LOW
ATM_0024,2022-11-28,Monday,Evening,51294,1969,Supermarket,0,0,111305,Rainy,3,48569,11,28,0,0,-49325,26.03756345177665,0,50448.34,0.0,7567.25,58015.59,0.0,0.0,LOW
ATM_0050,2023-07-06,Thursday,Evening,48169,12006,Bank Branch,0,0,102739,Rainy,3,37993,7,6,3,0,-36163,4.011743149829266,0,38348.04,0.0,3834.8,42182.84,0.0,0.0,LOW
ATM_0027,2022-07-16,Saturday,Morning,53293,10658,Standalone,0,0,111272,Cloudy,0,54515,7,16,5,1,-42635,4.999812365137442,0,46430.38,0.0,6964.56,53394.94,0.0,0.0,LOW
ATM_0002,2023-06-17,Saturday,Afternoon,42613,11386,Bank Branch,0,0,97715,Cloudy,5,36928,6,17,5,1,-31227,3.7422499341354176,0,34556.93,0.0,3455.69,38012.62,0.0,0.0,LOW
ATM_0043,2022-05-26,Thursday,Night,40078,14936,Supermarket,0,0,103515,Rainy,1,27504,5,26,3,0,-25142,2.6831358371828347,0,27894.07,0.0,4184.11,32078.18,0.0,0.0,LOW
ATM_0004,2023-08-01,Tuesday,Night,30598,16676,Standalone,0,1,96351,Clear,3,22153,8,1,1,0,-13922,1.8347424596750015,1,23521.28,0.0,3528.19,27049.47,0.0,0.0,LOW
ATM_0007,2023-04-14,Friday,Morning,42496,3635,Gas Station,0,0,92504,Cloudy,0,45437,4,14,4,0,-38861,11.687568756875688,0,40773.34,0.0,4077.33,44850.67,0.0,0.0,LOW
ATM_0047,2022-03-10,Thursday,Evening,57077,5716,Mall,0,0,117704,Clear,1,55739,3,10,3,0,-51361,9.983732726954697,0,52820.5,0.0,7923.08,60743.58,0.0,0.0,LOW
ATM_0038,2022-08-02,Tuesday,Evening,44837,0,Standalone,0,0,111643,Cloudy,3,41607,8,2,1,0,-44837,44837.0,0,45426.51,0.0,6813.98,52240.49,0.0,0.0,LOW
ATM_0039,2023-05-03,Wednesday,Afternoon,48121,17172,Mall,0,0,77253,Clear,4,35399,5,3,2,0,-30949,2.802131252547604,0,34412.97,0.0,5161.95,39574.92,0.0,0.0,LOW
ATM_0042,2022-07-18,Monday,Afternoon,44639,13222,Bank Branch,0,0,132644,Clear,5,43236,7,18,0,0,-31417,3.3758602435150875,0,35022.99,0.0,3502.3,38525.29,0.0,0.0,LOW
ATM_0039,2022-06-11,Saturday,Night,45560,14591,Supermarket,0,0,97445,Clear,2,32179,6,11,5,1,-30969,3.1222587719298245,0,33523.04,0.0,5028.46,38551.5,0.0,0.0,LOW
ATM_0015,2022-01-26,Wednesday,Night,38329,4303,Mall,0,0,113692,Cloudy,0,42161,1,26,2,0,-34026,8.905436802973977,0,35922.69,0.0,5388.4,41311.09,0.0,0.0,LOW
ATM_0004,2023-07-27,Thursday,Afternoon,46341,8584,Bank Branch,0,0,99818,Cloudy,3,44038,7,27,3,0,-37757,5.397903319743739,0,39463.55,0.0,3946.36,43409.91,0.0,0.0,LOW
ATM_0048,2022-10-14,Friday,Afternoon,69472,18090,Gas Station,0,0,113668,Snowy,2,40734,10,14,4,0,-51382,3.840141506826599,0,55020.93,0.0,5502.09,60523.02,0.0,0.0,LOW
ATM_0040,2023-07-28,Friday,Evening,49557,18073,Gas Station,0,0,86380,Cloudy,1,43901,7,28,4,0,-31484,2.741894433993582,0,34344.25,0.0,3434.43,37778.68,0.0,0.0,LOW
ATM_0036,2022-05-29,Sunday,Morning,36931,6992,Gas Station,0,0,110457,Rainy,5,27927,5,29,6,1,-29939,5.281138281138281,0,31705.69,0.0,3170.57,34876.26,0.0,0.0,LOW
ATM_0037,2023-07-21,Friday,Morning,67704,11871,Standalone,0,0,105513,Cloudy,2,56250,7,21,4,0,-55833,5.702830188679245,0,58163.44,0.0,8724.52,66887.96,0.0,0.0,LOW
ATM_0033,2023-08-17,Thursday,Evening,42035,2431,Bank Branch,0,0,105048,Snowy,3,46170,8,17,3,0,-39604,17.284128289473685,0,40747.32,0.0,4074.73,44822.05,0.0,0.0,LOW
ATM_0027,2022-01-14,Friday,Night,50732,5332,Mall,0,0,131373,Snowy,3,40936,1,14,4,0,-45400,9.512844552784548,0,47102.22,0.0,7065.33,54167.55,0.0,0.0,LOW
ATM_0010,2023-12-13,Wednesday,Evening,59103,9993,Standalone,0,0,112547,Cloudy,1,57643,12,13,2,0,-49110,5.913848308985391,0,52586.86,0.0,7888.03,60474.89,0.0,0.0,LOW
ATM_0029,2023-07-18,Tuesday,Night,46943,7477,Standalone,0,0,112685,Snowy,0,36712,7,18,1,0,-39466,6.2774806097887135,0,40933.28,0.0,6139.99,47073.27,0.0,0.0,LOW
ATM_0029,2022-01-04,Tuesday,Evening,31030,13192,Gas Station,0,0,87034,Cloudy,3,13698,1,4,1,0,-17838,2.3520048510573788,0,21594.18,0.0,2159.42,23753.6,0.0,0.0,LOW
ATM_0050,2022-02-24,Thursday,Night,57148,14536,Mall,0,0,103068,Cloudy,1,43103,2,24,3,0,-42612,3.9312100158216965,0,46903.08,0.0,7035.46,53938.54,0.0,0.0,LOW
ATM_0035,2022-11-10,Thursday,Afternoon,32005,524,Gas Station,0,0,122549,Rainy,4,27001,11,10,3,0,-31481,60.96190476190476,0,32236.28,0.0,3223.63,35459.91,0.0,0.0,LOW
ATM_0001,2022-12-16,Friday,Afternoon,37620,7757,Gas Station,0,0,117965,Cloudy,0,32791,12,16,4,0,-29863,4.849187935034803,0,32091.42,0.0,3209.14,35300.56,0.0,0.0,LOW
ATM_0022,2023-02-01,Wednesday,Night,19849,16350,Supermarket,0,0,104473,Rainy,0,7680,2,1,2,0,-3499,1.2139318696104213,0,6883.76,0.0,1032.56,7916.32,0.0,0.0,LOW
ATM_0045,2023-10-19,Thursday,Night,48208,15772,Gas Station,0,0,95058,Cloudy,4,42209,10,19,3,0,-32436,3.0563621378304697,0,35281.69,0.0,3528.17,38809.86,0.0,0.0,LOW
ATM_0024,2023-10-14,Saturday,Morning,29524,19736,Bank Branch,0,0,100559,Rainy,0,14346,10,14,5,1,-9788,1.4958706997010691,0,14051.11,0.0,1405.11,15456.22,0.0,0.0,LOW
ATM_0012,2022-09-26,Monday,Afternoon,34086,10701,Supermarket,0,0,99872,Rainy,2,26510,9,26,0,0,-23385,3.185012147262194,0,25491.28,0.0,3823.69,29314.97,0.0,0.0,LOW
ATM_0044,2023-12-04,Monday,Evening,29480,12946,Mall,0,0,98908,Clear,0,20941,12,4,0,0,-16534,2.2769753610875108,0,20223.25,0.0,3033.49,23256.74,0.0,0.0,LOW
ATM_0037,2023-09-11,Monday,Morning,44323,7926,Supermarket,0,0,106354,Snowy,4,45394,9,11,0,0,-36397,5.591396492998612,0,37922.31,0.0,5688.35,43610.66,0.0,0.0,LOW
ATM_0002,2023-06-19,Monday,Night,42731,697,Mall,0,1,119821,Clear,3,49091,6,19,0,0,-42034,61.21919770773639,1,50375.48,0.0,7556.32,57931.8,0.0,0.0,LOW
ATM_0001,2023-12-10,Sunday,Night,35959,11511,Gas Station,0,0,89383,Clear,2,25628,12,10,6,1,-24448,3.123610145934677,0,27804.38,0.0,2780.44,30584.82,0.0,0.0,LOW
ATM_0019,2022-03-01,Tuesday,Evening,35633,12419,Bank Branch,0,0,102483,Snowy,5,33904,3,1,1,0,-23214,2.869001610305958,0,25628.83,0.0,2562.88,28191.71,0.0,0.0,LOW
ATM_0029,2023-09-04,Monday,Night,37371,7880,Gas Station,0,0,114678,Snowy,3,37617,9,4,0,0,-29491,4.741910925009517,0,31957.89,0.0,3195.79,35153.68,0.0,0.0,LOW
ATM_0006,2023-11-17,Friday,Morning,32808,14376,Standalone,0,1,96141,Clear,0,36990,11,17,4,0,-18432,2.281978159560409,1,28242.85,0.0,4236.43,32479.28,0.0,0.0,LOW
ATM_0037,2022-01-01,Saturday,Morning,43831,3389,Gas Station,1,0,110512,Clear,3,46376,1,1,5,1,-40442,12.929498525073747,1,46682.42,0.0,7002.36,53684.78,0.0,0.0,LOW
ATM_0023,2023-11-13,Monday,Evening,21817,10884,Supermarket,0,0,147006,Rainy,5,12413,11,13,0,0,-10933,2.00431786862655,0,14711.68,0.0,2206.75,16918.43,0.0,0.0,LOW
ATM_0015,2023-09-06,Wednesday,Night,45151,10069,Standalone,0,0,88834,Cloudy,5,32332,9,6,2,0,-35082,4.4837140019860975,0,37159.62,0.0,5573.94,42733.56,0.0,0.0,LOW
ATM_0023,2022-08-05,Friday,Night,42582,6063,Standalone,0,0,104038,Snowy,0,37886,8,5,4,0,-36519,7.022097625329815,0,38214.99,0.0,5732.25,43947.24,0.0,0.0,LOW
ATM_0013,2022-09-02,Friday,Night,28288,9329,Supermarket,0,0,101888,Cloudy,3,28453,9,2,4,0,-18959,3.0319399785637726,0,21849.96,0.0,3277.49,25127.45,0.0,0.0,LOW
ATM_0034,2022-11-24,Thursday,Evening,32926,12433,Gas Station,0,0,76767,Cloudy,2,26217,11,24,3,0,-20493,2.648061766125141,0,23530.75,0.0,2353.08,25883.83,0.0,0.0,LOW
ATM_0039,2023-11-05,Sunday,Morning,34197,9334,Standalone,0,0,86002,Cloudy,4,28113,11,5,6,1,-24863,3.663310123192287,0,27838.49,0.0,4175.77,32014.26,0.0,0.0,LOW
ATM_0033,2022-03-22,Tuesday,Evening,37075,3764,Standalone,0,0,96635,Clear,4,32491,3,22,1,0,-33311,9.847277556440902,0,34501.12,0.0,5175.17,39676.29,0.0,0.0,LOW
ATM_0004,2022-08-05,Friday,Evening,47754,10968,Supermarket,0,0,85444,Snowy,5,40183,8,5,4,0,-36786,4.353541799617103,0,39390.11,0.0,5908.52,45298.63,0.0,0.0,LOW
ATM_0003,2023-11-22,Wednesday,Evening,68640,14181,Gas Station,0,0,109535,Snowy,0,53963,11,22,2,0,-54459,4.839937949513468,0,57881.98,0.0,5788.2,63670.18,0.0,0.0,LOW
ATM_0037,2023-09-25,Monday,Night,34898,12996,Bank Branch,0,0,85201,Snowy,1,26740,9,25,0,0,-21902,2.6850811725782875,0,24672.53,0.0,2467.25,27139.78,0.0,0.0,LOW
ATM_0045,2022-02-28,Monday,Evening,48213,0,Mall,0,1,85722,Snowy,3,61439,2,28,0,0,-48213,48213.0,1,57255.4,0.0,8588.31,65843.71,0.0,0.0,LOW
ATM_0044,2023-03-11,Saturday,Evening,54460,2208,Supermarket,0,0,113537,Rainy,0,57642,3,11,5,1,-52252,24.653689452240833,0,53358.89,0.0,8003.83,61362.72,0.0,0.0,LOW
ATM_0016,2023-01-01,Sunday,Night,26512,11572,Mall,1,0,86624,Rainy,0,20007,1,1,6,1,-14940,2.2908493908234684,1,21976.89,0.0,4395.38,26372.27,0.0,0.0,LOW
ATM_0043,2023-04-10,Monday,Afternoon,28907,14603,Standalone,0,0,110261,Clear,0,17964,4,10,0,0,-14304,1.979389208436045,0,17102.63,0.0,2565.39,19668.02,0.0,0.0,LOW
ATM_0010,2022-06-01,Wednesday,Night,44289,9637,Standalone,0,0,120127,Cloudy,5,28064,6,1,2,0,-34652,4.595247976758664,0,37182.23,0.0,5577.33,42759.56,0.0,0.0,LOW
ATM_0009,2022-01-09,Sunday,Evening,60361,1133,Standalone,0,0,125839,Rainy,4,65582,1,9,6,1,-59228,53.22839506172839,0,60091.12,0.0,9013.67,69104.79,0.0,0.0,LOW
ATM_0034,2023-05-11,Thursday,Morning,52941,20126,Supermarket,0,0,112126,Clear,2,38094,5,11,3,0,-32815,2.63034729467879,0,35998.88,0.0,5399.83,41398.71,0.0,0.0,LOW
ATM_0031,2023-12-01,Friday,Evening,28519,6927,Supermarket,1,0,96617,Snowy,3,33461,12,1,4,0,-21592,4.116483833718245,1,29123.31,0.0,5824.66,34947.97,0.0,0.0,LOW
ATM_0007,2023-05-09,Tuesday,Evening,50085,19701,Gas Station,0,1,101270,Rainy,0,39368,5,9,1,0,-30384,2.542127702771292,1,41021.34,0.0,4102.13,45123.47,0.0,0.0,LOW
ATM_0017,2023-03-17,Friday,Morning,50899,8697,Gas Station,0,0,115660,Snowy,4,47703,3,17,4,0,-42202,5.851805012646586,0,44538.19,0.0,4453.82,48992.01,0.0,0.0,LOW
ATM_0004,2022-10-05,Wednesday,Evening,47849,12178,Bank Branch,0,0,94917,Rainy,3,30510,10,5,2,0,-35671,3.9288118893176778,0,38384.04,0.0,3838.4,42222.44,0.0,0.0,LOW
ATM_0022,2023-09-09,Saturday,Night,29681,4798,Bank Branch,0,0,106467,Snowy,5,32259,9,9,5,1,-24883,6.184830172952698,0,27127.76,0.0,2712.78,29840.54,0.0,0.0,LOW
ATM_0005,2023-12-17,Sunday,Afternoon,50751,12779,Standalone,0,0,98672,Rainy,4,45206,12,17,6,1,-37972,3.97112676056338,0,41560.46,0.0,6234.07,47794.53,0.0,0.0,LOW
ATM_0039,2022-01-28,Friday,Morning,34929,13233,Bank Branch,0,0,76681,Snowy,2,24718,1,28,4,0,-21696,2.639338068611153,0,24449.88,0.0,2444.99,26894.87,0.0,0.0,LOW
ATM_0031,2023-09-11,Monday,Afternoon,39687,8193,Gas Station,0,0,113488,Snowy,3,28667,9,11,0,0,-31494,4.843422016109348,0,34042.05,0.0,3404.21,37446.26,0.0,0.0,LOW
ATM_0008,2022-03-13,Sunday,Evening,52639,10100,Gas Station,0,0,137713,Cloudy,1,41731,3,13,6,1,-42539,5.211266211266211,0,45077.39,0.0,4507.74,49585.13,0.0,0.0,LOW
ATM_0046,2022-05-16,Monday,Afternoon,22445,1146,Mall,0,1,85609,Cloudy,0,32576,5,16,0,0,-21299,19.568439407149086,1,30588.05,0.0,4588.21,35176.26,0.0,0.0,LOW
ATM_0015,2022-04-15,Friday,Night,24161,13212,Mall,0,0,66501,Rainy,3,18303,4,15,4,0,-10949,1.828577915689094,0,15477.89,0.0,2321.68,17799.57,0.0,0.0,LOW
ATM_0041,2022-11-03,Thursday,Afternoon,43323,0,Bank Branch,0,0,125583,Cloudy,5,40321,11,3,3,0,-43323,43323.0,0,44141.3,0.0,4414.13,48555.43,0.0,0.0,LOW
ATM_0020,2023-04-13,Thursday,Evening,64204,9101,Gas Station,0,0,109634,Clear,0,47371,4,13,3,0,-55103,7.053834322127005,0,57352.24,0.0,5735.22,63087.46,0.0,0.0,LOW
ATM_0027,2022-03-21,Monday,Evening,57955,18824,Standalone,0,0,98696,Snowy,4,44196,3,21,0,0,-39131,3.0786188579017266,0,42556.68,0.0,6383.5,48940.18,0.0,0.0,LOW
ATM_0026,2023-01-21,Saturday,Afternoon,30430,11859,Standalone,0,0,121289,Snowy,0,19281,1,21,5,1,-18571,2.5657672849915683,0,20749.99,0.0,3112.5,23862.49,0.0,0.0,LOW
ATM_0034,2022-01-30,Sunday,Afternoon,48184,1895,Supermarket,0,0,120433,Rainy,2,45270,1,30,6,1,-46289,25.41350210970464,0,48042.33,0.0,7206.35,55248.68,0.0,0.0,LOW
ATM_0009,2022-03-19,Saturday,Afternoon,47324,11258,Supermarket,0,0,108444,Cloudy,3,47272,3,19,5,1,-36066,4.203215205613287,0,38814.74,0.0,5822.21,44636.95,0.0,0.0,LOW
ATM_0038,2022-02-12,Saturday,Evening,49007,18800,Supermarket,0,0,101303,Snowy,1,36344,2,12,5,1,-30207,2.6066166693260997,0,33466.29,0.0,5019.94,38486.23,0.0,0.0,LOW
ATM_0035,2023-05-29,Monday,Afternoon,30606,9151,Supermarket,0,1,142466,Cloudy,0,34037,5,29,0,0,-21455,3.344187062937063,1,30776.9,0.0,4616.54,35393.44,0.0,0.0,LOW
ATM_0022,2022-06-07,Tuesday,Morning,42434,7657,Bank Branch,0,0,84125,Rainy,5,41579,6,7,1,0,-34777,5.541133455210238,0,36899.72,0.0,3689.97,40589.69,0.0,0.0,LOW
ATM_0028,2022-10-28,Friday,Afternoon,56878,2971,Gas Station,0,1,140457,Cloudy,4,52232,10,28,4,0,-53907,19.137954239569314,1,64422.52,0.0,6442.25,70864.77,0.0,0.0,LOW
ATM_0025,2022-05-20,Friday,Night,54028,7936,Supermarket,0,0,94042,Snowy,1,42962,5,20,4,0,-46092,6.807105959430515,0,48142.87,0.0,7221.43,55364.3,0.0,0.0,LOW
ATM_0031,2022-05-28,Saturday,Night,13287,9510,Gas Station,0,1,97202,Rainy,1,12458,5,28,5,1,-3777,1.397013983808222,1,14075.99,0.0,1407.6,15483.59,0.0,0.0,LOW
ATM_0018,2023-10-16,Monday,Evening,59917,0,Standalone,0,0,106328,Snowy,3,66056,10,16,0,0,-59917,59917.0,0,57400.42,0.0,8610.06,66010.48,0.0,0.0,LOW
ATM_0012,2022-07-17,Sunday,Afternoon,50210,6502,Gas Station,0,0,135956,Clear,0,45343,7,17,6,1,-43708,7.721051822235891,0,45388.37,0.0,4538.84,49927.21,0.0,0.0,LOW
ATM_0004,2022-05-09,Monday,Night,53920,15389,Bank Branch,0,0,112731,Rainy,1,48960,5,9,0,0,-38531,3.503573749187784,0,41600.71,0.0,4160.07,45760.78,0.0,0.0,LOW
ATM_0003,2022-06-06,Monday,Evening,48846,24668,Standalone,0,0,91889,Cloudy,4,18484,6,6,0,0,-24178,1.9800559406542624,0,28655.86,0.0,4298.38,32954.24,0.0,0.0,LOW
ATM_0003,2022-10-28,Friday,Morning,45444,15863,Mall,0,0,81925,Clear,2,29626,10,28,4,0,-29581,2.8645990922844176,0,32431.55,0.0,4864.73,37296.28,0.0,0.0,LOW
ATM_0038,2023-03-08,Wednesday,Evening,54123,8515,Gas Station,0,0,146906,Cloudy,1,39443,3,8,2,0,-45608,6.3554485674025365,0,47586.55,0.0,4758.66,52345.21,0.0,0.0,LOW
ATM_0033,2023-11-19,Sunday,Evening,70585,4484,Gas Station,0,0,149034,Rainy,1,71452,11,19,6,1,-66101,15.738015607580826,0,68553.74,0.0,6855.37,75409.11,0.0,0.0,LOW
ATM_0012,2023-12-30,Saturday,Afternoon,29469,15127,Supermarket,0,0,109994,Rainy,2,13618,12,30,5,1,-14342,1.9479772607086199,0,16359.51,0.0,2453.93,18813.44,0.0,0.0,LOW
ATM_0027,2022-01-25,Tuesday,Evening,70614,10963,Bank Branch,1,0,110565,Rainy,5,62263,1,25,1,0,-59651,6.440532652316673,1,66673.83,0.0,10001.07,76674.9,0.0,0.0,LOW
ATM_0004,2022-08-19,Friday,Afternoon,45535,11466,Supermarket,0,0,94080,Clear,1,33726,8,19,4,0,-34069,3.970960146507369,0,35901.63,0.0,5385.24,41286.87,0.0,0.0,LOW
ATM_0047,2023-06-01,Thursday,Night,24391,23713,Mall,0,0,93452,Cloudy,1,14287,6,1,3,0,-678,1.028548536729358,0,5374.44,0.0,806.17,6180.61,0.0,0.0,LOW
ATM_0035,2022-08-18,Thursday,Afternoon,69697,17023,Standalone,0,0,118904,Clear,2,70402,8,18,3,0,-52674,4.094043703007519,0,56103.36,0.0,8415.5,64518.86,0.0,0.0,LOW
ATM_0036,2022-03-19,Saturday,Morning,30882,19950,Supermarket,0,0,82963,Clear,2,8039,3,19,5,1,-10932,1.5478923362237482,0,15009.02,0.0,2251.35,17260.37,0.0,0.0,LOW
ATM_0014,2022-07-31,Sunday,Night,46191,6715,Standalone,0,0,127886,Rainy,2,48631,7,31,6,1,-39476,6.877754615842764,0,41229.97,0.0,6184.5,47414.47,0.0,0.0,LOW
ATM_0011,2023-06-08,Thursday,Night,65964,10556,Mall,0,1,124595,Cloudy,2,74259,6,8,3,0,-55408,6.248366013071895,1,65484.08,0.0,9822.61,75306.69,0.0,0.0,LOW
ATM_0039,2023-03-18,Saturday,Evening,68381,20969,Gas Station,0,0,131207,Snowy,2,61095,3,18,5,1,-47412,3.260896518836433,0,50826.18,0.0,5082.62,55908.8,0.0,0.0,LOW
ATM_0023,2022-06-14,Tuesday,Evening,38362,15174,Bank Branch,0,0,100011,Snowy,1,30753,6,14,1,0,-23188,2.527973640856672,0,25450.95,0.0,2545.1,27996.05,0.0,0.0,LOW
ATM_0004,2023-04-10,Monday,Afternoon,55098,0,Mall,0,0,116920,Snowy,0,53237,4,10,0,0,-55098,55098.0,0,55922.95,0.0,8388.44,64311.39,0.0,0.0,LOW
ATM_0005,2023-09-17,Sunday,Afternoon,35895,12204,Mall,0,0,129477,Snowy,3,27966,9,17,6,1,-23691,2.941007783695207,0,26082.57,0.0,3912.39,29994.96,0.0,0.0,LOW
ATM_0043,2022-05-19,Thursday,Night,38331,10372,Gas Station,0,0,104300,Snowy,3,23889,5,19,3,0,-27959,3.695266557408657,0,30297.58,0.0,3029.76,33327.34,0.0,0.0,LOW
ATM_0013,2022-01-27,Thursday,Afternoon,28640,13601,Standalone,0,1,115609,Rainy,5,30966,1,27,3,0,-15039,2.1055727098956036,1,24647.01,0.0,3697.05,28344.06,0.0,0.0,LOW
ATM_0024,2023-12-01,Friday,Afternoon,37445,16618,Bank Branch,1,0,84017,Clear,1,29138,12,1,4,0,-20827,2.2531439918165956,1,30166.33,0.0,4524.95,34691.28,0.0,0.0,LOW
ATM_0013,2023-03-23,Thursday,Afternoon,24498,0,Standalone,0,0,82499,Clear,4,23059,3,23,3,0,-24498,24498.0,0,26232.43,0.0,3934.86,30167.29,0.0,0.0,LOW
ATM_0046,2023-11-07,Tuesday,Afternoon,64717,12519,Standalone,0,0,105461,Snowy,4,51869,11,7,1,0,-52198,5.16908945686901,0,55110.24,0.0,8266.54,63376.78,0.0,0.0,LOW
ATM_0037,2022-03-04,Friday,Morning,29972,14214,Standalone,0,1,105171,Cloudy,4,25557,3,4,4,0,-15758,2.108476960956736,1,25939.2,0.0,3890.88,29830.08,0.0,0.0,LOW
ATM_0017,2022-04-01,Friday,Afternoon,29821,18082,Bank Branch,0,1,64076,Snowy,2,30043,4,1,4,0,-11739,1.6491179560913565,1,22004.76,0.0,2200.48,24205.24,0.0,0.0,LOW
ATM_0014,2022-11-06,Sunday,Afternoon,7304,4660,Standalone,0,0,87667,Snowy,3,4311,11,6,6,1,-2644,1.567045698347994,0,6550.12,0.0,982.52,7532.64,0.0,0.0,LOW
ATM_0012,2023-04-18,Tuesday,Night,41094,10372,Supermarket,0,0,88547,Rainy,3,27564,4,18,1,0,-30722,3.9616311578135543,0,33651.8,0.0,5047.77,38699.57,0.0,0.0,LOW
ATM_0016,2022-10-25,Tuesday,Afternoon,45147,3330,Mall,0,0,111269,Rainy,0,48862,10,25,1,0,-41817,13.55358751125788,0,42690.18,0.0,6403.53,49093.71,0.0,0.0,LOW
ATM_0050,2022-06-19,Sunday,Morning,59387,12283,Bank Branch,0,0,100574,Rainy,0,48876,6,19,6,1,-47104,4.834500162813415,0,49593.63,0.0,4959.36,54552.99,0.0,0.0,LOW
ATM_0035,2023-10-23,Monday,Morning,70610,4962,Supermarket,0,0,126849,Cloudy,2,71675,10,23,0,0,-65648,14.227281885956074,0,69185.76,0.0,10377.86,79563.62,0.0,0.0,LOW
ATM_0037,2023-08-28,Monday,Morning,60621,14069,Supermarket,0,0,95785,Rainy,1,48865,8,28,0,0,-46552,4.308528784648187,0,49393.37,0.0,7409.01,56802.38,0.0,0.0,LOW
ATM_0021,2023-02-06,Monday,Afternoon,62254,6388,Mall,0,0,108821,Rainy,1,44550,2,6,0,0,-55866,9.743934888088903,0,57365.52,0.0,8604.83,65970.35,0.0,0.0,LOW
ATM_0049,2023-03-18,Saturday,Night,57304,13369,Gas Station,0,0,117308,Snowy,5,43395,3,18,5,1,-43935,4.286013462976814,0,47764.34,0.0,4776.43,52540.77,0.0,0.0,LOW
ATM_0045,2022-03-12,Saturday,Night,29567,13734,Mall,0,0,95753,Rainy,5,15589,3,12,5,1,-15833,2.1526756461594467,0,18321.78,0.0,2748.27,21070.05,0.0,0.0,LOW
ATM_0036,2023-07-31,Monday,Morning,71014,4028,Supermarket,0,0,115491,Cloudy,2,57239,7,31,0,0,-66986,17.62571357656987,0,69006.62,0.0,10350.99,79357.61,0.0,0.0,LOW
ATM_0003,2022-11-25,Friday,Morning,51769,6809,Mall,0,0,125903,Rainy,1,39730,11,25,4,0,-44960,7.601908957415565,0,47378.87,0.0,7106.83,54485.7,0.0,0.0,LOW
ATM_0002,2022-09-12,Monday,Evening,44240,10641,Standalone,0,0,117956,Cloudy,0,39089,9,12,0,0,-33599,4.157113324563052,0,36285.58,0.0,5442.84,41728.42,0.0,0.0,LOW
ATM_0032,2022-03-20,Sunday,Evening,40930,14367,Supermarket,0,0,72624,Cloudy,2,22880,3,20,6,1,-26563,2.8486915367483294,0,30329.22,0.0,4549.38,34878.6,0.0,0.0,LOW
ATM_0004,2023-05-23,Tuesday,Night,45133,20007,Standalone,0,0,96070,Rainy,2,23730,5,23,1,0,-25126,2.255747700919632,0,28656.61,0.0,4298.49,32955.1,0.0,0.0,LOW
ATM_0046,2023-10-31,Tuesday,Night,61320,773,Bank Branch,0,0,116419,Cloudy,5,56944,10,31,1,0,-60547,79.2248062015504,0,61867.57,0.0,6186.76,68054.33,0.0,0.0,LOW
ATM_0013,2023-08-11,Friday,Night,72649,11314,Bank Branch,0,0,111703,Cloudy,3,70933,8,11,4,0,-61335,6.420592134334954,0,64184.0,0.0,6418.4,70602.4,0.0,0.0,LOW
ATM_0002,2022-01-14,Friday,Evening,47941,11447,Supermarket,0,0,118658,Cloudy,4,43364,1,14,4,0,-36494,4.187718378756115,0,39124.67,0.0,5868.7,44993.37,0.0,0.0,LOW
ATM_0026,2023-02-11,Saturday,Afternoon,60440,17723,Bank Branch,0,1,138957,Rainy,1,52583,2,11,5,1,-42717,3.41006544798014,1,52176.48,0.0,5217.65,57394.13,0.0,0.0,LOW
ATM_0045,2023-04-18,Tuesday,Morning,51047,17761,Mall,0,0,85482,Snowy,4,42389,4,18,1,0,-33286,2.8739443756333745,0,36316.61,0.0,5447.49,41764.1,0.0,0.0,LOW
ATM_0001,2022-01-28,Friday,Night,46383,12205,Mall,0,0,96931,Clear,4,34587,1,28,4,0,-34178,3.8000163853842372,0,36459.16,0.0,5468.87,41928.03,0.0,0.0,LOW
ATM_0027,2022-07-22,Friday,Afternoon,52946,4565,Bank Branch,0,0,136269,Rainy,0,53193,7,22,4,0,-48381,11.595707402540517,0,50766.94,0.0,5076.69,55843.63,0.0,0.0,LOW
ATM_0049,2023-02-20,Monday,Evening,62954,3382,Supermarket,0,0,112907,Snowy,2,47822,2,20,0,0,-59572,18.60892698788058,0,60594.34,0.0,9089.15,69683.49,0.0,0.0,LOW
ATM_0045,2023-07-09,Sunday,Afternoon,35240,1911,Supermarket,0,0,83743,Rainy,1,33889,7,9,6,1,-33329,18.430962343096233,0,34962.61,0.0,5244.39,40207.0,0.0,0.0,LOW
ATM_0030,2022-12-10,Saturday,Morning,47366,19064,Supermarket,0,0,92075,Rainy,4,27077,12,10,5,1,-28302,2.484447941253606,0,31140.48,0.0,4671.07,35811.55,0.0,0.0,LOW
ATM_0018,2022-12-31,Saturday,Evening,52378,6947,Mall,1,0,143160,Clear,4,52112,12,31,5,1,-45431,7.538572251007484,1,52967.29,0.0,10593.46,63560.75,0.0,0.0,LOW
ATM_0027,2022-01-25,Tuesday,Afternoon,34135,14033,Standalone,1,0,114920,Rainy,1,29625,1,25,1,0,-20102,2.4323072538121706,1,28817.67,0.0,5763.53,34581.2,0.0,0.0,LOW
ATM_0028,2023-05-23,Tuesday,Afternoon,46066,4335,Supermarket,0,0,109192,Rainy,3,42698,5,23,1,0,-41731,10.624077490774908,0,42500.2,0.0,6375.03,48875.23,0.0,0.0,LOW
ATM_0017,2023-12-13,Wednesday,Afternoon,60342,18180,Gas Station,0,0,153226,Snowy,4,49891,12,13,2,0,-42162,3.3189593531708925,0,45139.96,0.0,4514.0,49653.96,0.0,0.0,LOW
ATM_0020,2023-02-28,Tuesday,Night,38905,18052,Standalone,0,0,116273,Cloudy,5,22490,2,28,1,0,-20853,2.1550434830776046,0,24001.54,0.0,3600.23,27601.77,0.0,0.0,LOW
ATM_0018,2022-04-11,Monday,Night,40856,10577,Bank Branch,0,0,93388,Clear,1,29184,4,11,0,0,-30279,3.862355832860654,0,33888.65,0.0,3388.87,37277.52,0.0,0.0,LOW
ATM_0003,2023-02-14,Tuesday,Afternoon,59946,14848,Mall,0,0,120961,Snowy,1,50523,2,14,1,0,-45098,4.037039531281568,0,49094.82,0.0,7364.22,56459.04,0.0,0.0,LOW
ATM_0033,2022-11-06,Sunday,Morning,50787,12159,Supermarket,0,0,88507,Snowy,2,42440,11,6,6,1,-38628,4.1765625,0,41888.01,0.0,6283.2,48171.21,0.0,0.0,LOW
ATM_0006,2023-01-14,Saturday,Night,52260,6512,Bank Branch,0,0,116306,Snowy,5,48105,1,14,5,1,-45748,8.023952095808383,0,48115.79,0.0,4811.58,52927.37,0.0,0.0,LOW
ATM_0014,2023-12-21,Thursday,Night,53099,13145,Mall,0,0,111031,Cloudy,0,54393,12,21,3,0,-39954,4.039175414574776,0,42752.27,0.0,6412.84,49165.11,0.0,0.0,LOW
ATM_0007,2022-11-11,Friday,Night,57305,10462,Mall,0,0,120516,Cloudy,0,42101,11,11,4,0,-46843,5.476918665774634,0,49820.76,0.0,7473.11,57293.87,0.0,0.0,LOW
ATM_0032,2023-04-08,Saturday,Morning,65823,22224,Standalone,0,0,91325,Rainy,2,57944,4,8,5,1,-43599,2.961664791901012,0,47275.41,0.0,7091.31,54366.72,0.0,0.0,LOW
ATM_0044,2022-10-07,Friday,Evening,44710,14074,Standalone,0,1,82461,Snowy,5,46949,10,7,4,0,-30636,3.1765541740674954,1,40745.59,0.0,6111.84,46857.43,0.0,0.0,LOW
ATM_0006,2023-09-08,Friday,Night,21834,20555,Bank Branch,0,0,91410,Rainy,1,5649,9,8,4,0,-1279,1.0621716287215412,0,5173.26,0.0,517.33,5690.59,0.0,0.0,LOW
ATM_0034,2023-01-21,Saturday,Night,29104,11070,Standalone,0,0,117279,Clear,5,23210,1,21,5,1,-18034,2.628850149038027,0,20337.88,0.0,3050.68,23388.56,0.0,0.0,LOW
ATM_0047,2023-04-01,Saturday,Afternoon,13617,11994,Gas Station,0,0,98765,Rainy,4,4243,4,1,5,1,-1623,1.1352230095873281,0,6049.75,0.0,604.98,6654.73,0.0,0.0,LOW
ATM_0024,2023-11-05,Sunday,Morning,32360,6562,Supermarket,0,0,91668,Cloudy,0,23941,11,5,6,1,-25798,4.930671948803901,0,28867.81,0.0,4330.17,33197.98,0.0,0.0,LOW
ATM_0038,2022-07-18,Monday,Evening,51702,13798,Mall,0,0,107412,Clear,3,49719,7,18,0,0,-37904,3.746793245887383,0,40938.89,0.0,6140.83,47079.72,0.0,0.0,LOW
ATM_0044,2023-01-05,Thursday,Morning,43202,10315,Supermarket,0,0,119500,Rainy,3,36522,1,5,3,0,-32887,4.187863512989531,0,35596.65,0.0,5339.5,40936.15,0.0,0.0,LOW
ATM_0045,2022-09-23,Friday,Morning,40943,3182,Bank Branch,0,0,94451,Snowy,4,36826,9,23,4,0,-37761,12.863022306000628,0,38866.44,0.0,3886.64,42753.08,0.0,0.0,LOW
ATM_0018,2022-07-13,Wednesday,Night,57959,9086,Gas Station,0,0,123637,Cloudy,1,56456,7,13,2,0,-48873,6.378232640035215,0,51997.64,0.0,5199.76,57197.4,0.0,0.0,LOW
ATM_0032,2023-08-08,Tuesday,Evening,53232,9341,Supermarket,0,0,99983,Clear,2,49315,8,8,1,0,-43891,5.6981374438021835,0,46333.28,0.0,6949.99,53283.27,0.0,0.0,LOW
ATM_0012,2023-09-01,Friday,Evening,47814,4971,Standalone,0,0,114794,Cloudy,3,51216,9,1,4,0,-42843,9.61665325824618,0,44811.9,0.0,6721.79,51533.69,0.0,0.0,LOW
ATM_0037,2022-12-04,Sunday,Evening,17303,7811,Bank Branch,0,0,85641,Cloudy,5,15537,12,4,6,1,-9492,2.214925755248336,0,11571.99,0.0,1157.2,12729.19,0.0,0.0,LOW
ATM_0045,2022-12-29,Thursday,Night,43757,0,Bank Branch,0,0,114309,Rainy,4,37831,12,29,3,0,-43757,43757.0,0,44628.67,0.0,4462.87,49091.54,0.0,0.0,LOW
ATM_0001,2022-01-13,Thursday,Morning,48156,10070,Gas Station,0,1,113068,Clear,5,41613,1,13,3,0,-38086,4.781650282990766,1,46777.65,0.0,4677.77,51455.42,0.0,0.0,LOW
ATM_0029,2022-07-29,Friday,Evening,58632,12492,Standalone,0,0,104110,Snowy,5,57806,7,29,4,0,-46140,4.693188185383815,0,48005.42,0.0,7200.81,55206.23,0.0,0.0,LOW
ATM_0049,2022-11-23,Wednesday,Afternoon,66128,17036,Bank Branch,0,0,111646,Clear,3,55010,11,23,2,0,-49092,3.8814345248576627,0,53103.49,0.0,5310.35,58413.84,0.0,0.0,LOW
ATM_0006,2023-12-05,Tuesday,Morning,44855,5673,Mall,0,0,117457,Clear,3,33293,12,5,1,0,-39182,7.9053577722946775,0,41218.7,0.0,6182.81,47401.51,0.0,0.0,LOW
ATM_0026,2022-03-18,Friday,Afternoon,39306,12180,Mall,0,0,118780,Snowy,4,37076,3,18,4,0,-27126,3.2268286675970774,0,30951.37,0.0,4642.71,35594.08,0.0,0.0,LOW
ATM_0046,2022-12-26,Monday,Afternoon,62459,20994,Supermarket,0,0,106867,Rainy,3,57102,12,26,0,0,-41465,2.974946415813289,0,44781.19,0.0,6717.18,51498.37,0.0,0.0,LOW
ATM_0011,2023-11-22,Wednesday,Night,62631,0,Standalone,0,0,99945,Cloudy,4,57397,11,22,2,0,-62631,62631.0,0,62554.96,0.0,9383.24,71938.2,0.0,0.0,LOW
ATM_0036,2022-05-08,Sunday,Afternoon,44081,9574,Mall,0,1,82735,Cloudy,2,49870,5,8,6,1,-34507,4.603759791122715,1,44427.73,0.0,6664.16,51091.89,0.0,0.0,LOW
ATM_0034,2023-07-28,Friday,Afternoon,29044,15854,Mall,0,0,75416,Cloudy,0,15781,7,28,4,0,-13190,1.831851151056449,0,17535.68,0.0,2630.35,20166.03,0.0,0.0,LOW
ATM_0047,2023-08-14,Monday,Morning,30165,3847,Mall,0,1,108285,Clear,0,28204,8,14,0,0,-26318,7.839137214137214,1,35747.5,0.0,5362.13,41109.63,0.0,0.0,LOW
ATM_0020,2023-02-15,Wednesday,Evening,33388,10520,Standalone,0,0,140858,Clear,0,29255,2,15,2,0,-22868,3.173462598612299,0,25118.42,0.0,3767.76,28886.18,0.0,0.0,LOW
ATM_0038,2023-06-01,Thursday,Afternoon,44786,3871,Mall,0,0,134399,Cloudy,2,40667,6,1,3,0,-40915,11.56663223140496,0,42376.76,0.0,6356.51,48733.27,0.0,0.0,LOW
ATM_0020,2022-06-26,Sunday,Evening,36540,7871,Gas Station,0,0,94086,Snowy,5,26813,6,26,6,1,-28669,4.641768292682927,0,30914.23,0.0,3091.42,34005.65,0.0,0.0,LOW
ATM_0012,2022-09-04,Sunday,Night,55753,15054,Gas Station,0,1,112353,Cloudy,3,45524,9,4,6,1,-40699,3.7032879442045834,1,49553.37,0.0,4955.34,54508.71,0.0,0.0,LOW
ATM_0001,2022-02-27,Sunday,Night,51743,4702,Supermarket,0,0,120473,Clear,5,38910,2,27,6,1,-47041,11.002126302360196,0,48763.28,0.0,7314.49,56077.77,0.0,0.0,LOW
ATM_0010,2022-12-15,Thursday,Afternoon,33141,12738,Bank Branch,0,0,98387,Clear,1,25622,12,15,3,0,-20403,2.6015385823063033,0,22933.5,0.0,2293.35,25226.85,0.0,0.0,LOW
ATM_0006,2023-10-28,Saturday,Morning,41590,9485,Supermarket,0,1,121599,Rainy,3,36355,10,28,5,1,-32105,4.384355892894792,1,41685.2,0.0,6252.78,47937.98,0.0,0.0,LOW
ATM_0031,2023-08-09,Wednesday,Morning,32116,9806,Supermarket,0,0,86306,Cloudy,3,23026,8,9,2,0,-22310,3.2748037116345468,0,25197.13,0.0,3779.57,28976.7,0.0,0.0,LOW
ATM_0047,2022-01-20,Thursday,Afternoon,23478,4724,Supermarket,0,0,132755,Rainy,4,15608,1,20,3,0,-18754,4.9688888888888885,0,19841.03,0.0,2976.15,22817.18,0.0,0.0,LOW
ATM_0014,2023-08-08,Tuesday,Evening,53700,9741,Gas Station,0,0,91403,Snowy,3,46046,8,8,1,0,-43959,5.512215150893041,0,46533.68,0.0,4653.37,51187.05,0.0,0.0,LOW
ATM_0003,2022-09-09,Friday,Night,26879,14877,Supermarket,0,0,102623,Cloudy,5,11328,9,9,4,0,-12002,1.806627234843393,0,17154.1,0.0,2573.12,19727.22,0.0,0.0,LOW
ATM_0046,2023-03-22,Wednesday,Afternoon,43239,13587,Bank Branch,0,0,80154,Clear,4,42137,3,22,2,0,-29652,3.182146011186341,0,32609.88,0.0,3260.99,35870.87,0.0,0.0,LOW
ATM_0033,2022-08-29,Monday,Evening,40505,14718,Supermarket,0,0,129708,Rainy,5,29905,8,29,0,0,-25787,2.75188531829608,0,28696.03,0.0,4304.4,33000.43,0.0,0.0,LOW
ATM_0045,2023-12-10,Sunday,Night,49474,10162,Gas Station,0,0,95344,Cloudy,3,33081,12,10,6,1,-39312,4.868050772409721,0,41494.43,0.0,4149.44,45643.87,0.0,0.0,LOW
ATM_0044,2022-06-30,Thursday,Night,62583,4166,Standalone,0,0,124736,Cloudy,2,54109,6,30,3,0,-58417,15.018718502519798,0,60620.27,0.0,9093.04,69713.31,0.0,0.0,LOW
ATM_0031,2023-02-09,Thursday,Evening,61064,19900,Standalone,0,0,103415,Rainy,4,48906,2,9,3,0,-41164,3.0683885231897894,0,44835.68,0.0,6725.35,51561.03,0.0,0.0,LOW
ATM_0007,2023-04-03,Monday,Evening,40837,10256,Gas Station,0,0,96988,Snowy,0,34262,4,3,0,0,-30581,3.9813785707321827,0,34263.96,0.0,3426.4,37690.36,0.0,0.0,LOW
ATM_0003,2022-07-18,Monday,Evening,36023,11411,Standalone,0,0,71826,Rainy,0,25505,7,18,0,0,-24612,3.156589554854539,0,28014.64,0.0,4202.2,32216.84,0.0,0.0,LOW
ATM_0014,2022-05-09,Monday,Night,43926,12595,Standalone,0,0,143962,Snowy,3,36461,5,9,0,0,-31331,3.487297554779295,0,34701.3,0.0,5205.2,39906.5,0.0,0.0,LOW
ATM_0015,2022-09-05,Monday,Morning,51746,8840,Supermarket,0,1,101398,Clear,3,49279,9,5,0,0,-42906,5.852957810202466,1,51865.58,0.0,7779.84,59645.42,0.0,0.0,LOW
ATM_0049,2022-09-22,Thursday,Morning,50098,7951,Gas Station,0,0,124436,Clear,3,34436,9,22,3,0,-42147,6.300050301810865,0,44363.95,0.0,4436.39,48800.34,0.0,0.0,LOW
ATM_0033,2022-12-18,Sunday,Afternoon,60906,1864,Bank Branch,0,0,125252,Cloudy,5,53327,12,18,6,1,-59042,32.657372654155495,0,60376.71,0.0,6037.67,66414.38,0.0,0.0,LOW
ATM_0049,2023-10-11,Wednesday,Morning,70663,5285,Mall,0,0,127538,Snowy,1,58302,10,11,2,0,-65378,13.367953083617103,0,67872.92,0.0,10180.94,78053.86,0.0,0.0,LOW
ATM_0026,2023-02-22,Wednesday,Afternoon,56678,13305,Bank Branch,0,0,113350,Cloudy,1,40055,2,22,2,0,-43373,4.259582143393958,0,47517.34,0.0,4751.73,52269.07,0.0,0.0,LOW
ATM_0014,2022-09-22,Thursday,Afternoon,45929,11272,Bank Branch,0,0,86995,Snowy,5,38495,9,22,3,0,-34657,4.074248203672492,0,37208.84,0.0,3720.88,40929.72,0.0,0.0,LOW
ATM_0026,2022-06-13,Monday,Afternoon,66244,13970,Gas Station,0,0,110394,Rainy,3,54788,6,13,0,0,-52274,4.7415360389378,0,55784.18,0.0,5578.42,61362.6,0.0,0.0,LOW
ATM_0044,2022-06-30,Thursday,Afternoon,31334,16316,Standalone,0,0,116148,Rainy,0,15801,6,30,3,0,-15018,1.920328491757063,0,18030.77,0.0,2704.62,20735.39,0.0,0.0,LOW
ATM_0003,2022-08-27,Saturday,Afternoon,48664,7210,Gas Station,0,0,105047,Clear,0,51885,8,27,5,1,-41454,6.74857856053252,0,43889.25,0.0,4388.93,48278.18,0.0,0.0,LOW
ATM_0035,2023-12-11,Monday,Evening,43766,7839,Bank Branch,0,0,102431,Snowy,0,36712,12,11,0,0,-35927,5.582397959183673,0,37755.58,0.0,3775.56,41531.14,0.0,0.0,LOW
ATM_0014,2023-04-02,Sunday,Morning,59840,3849,Standalone,0,0,124914,Rainy,1,66522,4,2,6,1,-55991,15.542857142857143,0,57990.58,0.0,8698.59,66689.17,0.0,0.0,LOW
ATM_0044,2022-05-07,Saturday,Afternoon,64615,8658,Supermarket,0,0,159974,Cloudy,5,52933,5,7,5,1,-55957,7.46217808060977,0,57154.35,0.0,8573.15,65727.5,0.0,0.0,LOW
ATM_0030,2022-08-13,Saturday,Night,33951,9490,Mall,0,0,81579,Snowy,5,27875,8,13,5,1,-24461,3.5771783795174374,0,27663.15,0.0,4149.47,31812.62,0.0,0.0,LOW
ATM_0044,2022-04-27,Wednesday,Night,55822,0,Gas Station,0,0,100338,Cloudy,4,66076,4,27,2,0,-55822,55822.0,0,55634.15,0.0,5563.42,61197.57,0.0,0.0,LOW
ATM_0002,2023-10-31,Tuesday,Night,38808,17011,Standalone,0,0,158855,Snowy,2,18491,10,31,1,0,-21797,2.281213261227369,0,24333.23,0.0,3649.98,27983.21,0.0,0.0,LOW
ATM_0020,2023-12-09,Saturday,Afternoon,44610,1388,Mall,0,0,102337,Rainy,3,44607,12,9,5,1,-43222,32.11663066954644,0,44523.1,0.0,6678.47,51201.57,0.0,0.0,LOW
ATM_0040,2023-11-16,Thursday,Afternoon,46918,14326,Gas Station,0,0,88266,Snowy,1,28043,11,16,3,0,-32592,3.2747958400223354,0,35815.73,0.0,3581.57,39397.3,0.0,0.0,LOW
ATM_0046,2022-05-29,Sunday,Night,60166,11325,Bank Branch,0,0,104826,Cloudy,4,50467,5,29,6,1,-48841,5.312202013067279,0,52428.91,0.0,5242.89,57671.8,0.0,0.0,LOW
ATM_0034,2023-01-07,Saturday,Afternoon,26626,9495,Standalone,0,0,87996,Rainy,4,18394,1,7,5,1,-17131,2.8039174389216512,0,19679.02,0.0,2951.85,22630.87,0.0,0.0,LOW
ATM_0024,2022-03-24,Thursday,Morning,36759,4598,Bank Branch,0,0,128294,Cloudy,3,36900,3,24,3,0,-32161,7.992824527071102,0,34200.14,0.0,3420.01,37620.15,0.0,0.0,LOW
ATM_0028,2023-10-27,Friday,Night,30928,9390,Mall,0,0,97777,Cloudy,1,18937,10,27,4,0,-21538,3.2933659887125972,0,24897.58,0.0,3734.64,28632.22,0.0,0.0,LOW
ATM_0020,2023-05-22,Monday,Night,45272,5581,Gas Station,0,0,108757,Snowy,4,31660,5,22,0,0,-39691,8.110354711572914,0,40797.73,0.0,4079.77,44877.5,0.0,0.0,LOW
ATM_0013,2023-07-24,Monday,Evening,50908,18379,Standalone,0,0,97409,Snowy,3,38095,7,24,0,0,-32529,2.7697497279651797,0,36186.11,0.0,5427.92,41614.03,0.0,0.0,LOW
ATM_0024,2023-03-22,Wednesday,Evening,67900,9570,Bank Branch,0,0,130586,Clear,4,62091,3,22,2,0,-58330,7.0943475080973775,0,59902.76,0.0,5990.28,65893.04,0.0,0.0,LOW
ATM_0032,2022-08-11,Thursday,Morning,56794,11485,Mall,0,0,121607,Clear,0,49069,8,11,3,0,-45309,4.94462824307853,0,47588.89,0.0,7138.33,54727.22,0.0,0.0,LOW
ATM_0043,2022-05-30,Monday,Night,56607,13380,Bank Branch,0,0,96639,Cloudy,1,57082,5,30,0,0,-43227,4.230401315297811,0,47965.02,0.0,4796.5,52761.52,0.0,0.0,LOW
ATM_0044,2022-06-21,Tuesday,Evening,28056,3981,Gas Station,0,0,126532,Cloudy,1,22588,6,21,1,0,-24075,7.04570567553993,0,27249.5,0.0,2724.95,29974.45,0.0,0.0,LOW
ATM_0043,2023-02-05,Sunday,Morning,36092,3349,Mall,0,0,104578,Clear,4,27958,2,5,6,1,-32743,10.773731343283583,0,34714.77,0.0,5207.22,39921.99,0.0,0.0,LOW
ATM_0001,2022-11-06,Sunday,Night,28044,12472,Gas Station,0,0,72323,Clear,5,11500,11,6,6,1,-15572,2.2483764932253667,0,18030.65,0.0,1803.07,19833.72,0.0,0.0,LOW
ATM_0029,2022-08-01,Monday,Afternoon,69472,9084,Gas Station,0,0,115270,Cloudy,4,73570,8,1,0,0,-60388,7.646890478811227,0,63599.79,0.0,6359.98,69959.77,0.0,0.0,LOW
ATM_0037,2023-10-06,Friday,Afternoon,64398,4212,Gas Station,0,0,117645,Snowy,5,67640,10,6,4,0,-60186,15.285544742463802,0,62116.11,0.0,6211.61,68327.72,0.0,0.0,LOW
ATM_0018,2022-04-04,Monday,Night,28623,3149,Gas Station,0,0,139279,Clear,4,25673,4,4,0,0,-25474,9.086666666666666,0,27523.4,0.0,2752.34,30275.74,0.0,0.0,LOW
ATM_0013,2023-05-23,Tuesday,Morning,66677,10512,Gas Station,0,0,110547,Snowy,5,47229,5,23,1,0,-56165,6.342338057642919,0,57753.6,0.0,5775.36,63528.96,0.0,0.0,LOW
ATM_0036,2022-04-21,Thursday,Morning,36558,11069,Standalone,0,0,78662,Cloudy,1,24025,4,21,3,0,-25489,3.3024390243902437,0,28597.8,0.0,4289.67,32887.47,0.0,0.0,LOW
ATM_0046,2022-10-06,Thursday,Night,33577,14686,Gas Station,0,1,91501,Snowy,2,37278,10,6,3,0,-18891,2.2861714441342684,1,28876.52,0.0,2887.65,31764.17,0.0,0.0,LOW
ATM_0032,2022-08-07,Sunday,Afternoon,41281,12117,Supermarket,0,0,83759,Clear,5,32388,8,7,6,1,-29164,3.406585245089949,0,32356.79,0.0,4853.52,37210.31,0.0,0.0,LOW
ATM_0050,2023-12-30,Saturday,Evening,40128,18862,Bank Branch,0,0,72464,Clear,5,25909,12,30,5,1,-21266,2.127339235540476,0,23611.21,0.0,2361.12,25972.33,0.0,0.0,LOW
ATM_0022,2023-02-03,Friday,Night,73504,25683,Standalone,0,1,128629,Clear,4,58912,2,3,4,0,-47821,2.8618595234387167,1,60880.63,0.0,9132.09,70012.72,0.0,0.0,LOW
ATM_0018,2022-09-09,Friday,Evening,67283,8391,Standalone,0,0,102531,Cloudy,4,63512,9,9,4,0,-58892,8.017516682554815,0,61514.18,0.0,9227.13,70741.31,0.0,0.0,LOW
ATM_0021,2023-09-26,Tuesday,Afternoon,38774,16678,Supermarket,0,0,92970,Rainy,5,19766,9,26,1,0,-22096,2.3247197074165116,0,24909.68,0.0,3736.45,28646.13,0.0,0.0,LOW
ATM_0021,2022-03-01,Tuesday,Afternoon,54327,13795,Bank Branch,0,0,111101,Cloudy,2,41310,3,1,1,0,-40532,3.937880545085532,0,44196.03,0.0,4419.6,48615.63,0.0,0.0,LOW
ATM_0007,2023-12-04,Monday,Evening,33519,13371,Gas Station,0,0,99707,Rainy,4,21066,12,4,0,0,-20148,2.5066556984744244,0,23336.09,0.0,2333.61,25669.7,0.0,0.0,LOW
ATM_0029,2022-03-07,Monday,Morning,41327,9538,Supermarket,0,0,84962,Rainy,2,39309,3,7,0,0,-31789,4.332424782471957,0,34657.17,0.0,5198.58,39855.75,0.0,0.0,LOW
ATM_0028,2023-08-20,Sunday,Morning,36482,8901,Mall,0,0,113159,Rainy,1,32014,8,20,6,1,-27581,4.098180184228263,0,30531.06,0.0,4579.66,35110.72,0.0,0.0,LOW
ATM_0021,2022-12-26,Monday,Night,31071,10497,Supermarket,0,0,124336,Clear,5,19821,12,26,0,0,-20574,2.959706610783006,0,22967.69,0.0,3445.15,26412.84,0.0,0.0,LOW
ATM_0021,2023-06-18,Sunday,Afternoon,52085,19073,Bank Branch,0,0,101744,Rainy,4,45045,6,18,6,1,-33012,2.7306805074971163,0,36888.31,0.0,3688.83,40577.14,0.0,0.0,LOW
ATM_0027,2023-11-09,Thursday,Night,67848,14684,Mall,0,0,110761,Rainy,4,67617,11,9,3,0,-53164,4.620224719101124,0,56602.63,0.0,8490.39,65093.02,0.0,0.0,LOW
ATM_0021,2022-11-20,Sunday,Morning,26619,11251,Mall,0,0,116522,Snowy,3,16669,11,20,6,1,-15368,2.365712762175613,0,17873.66,0.0,2681.05,20554.71,0.0,0.0,LOW
ATM_0013,2023-06-16,Friday,Morning,67068,8348,Mall,0,1,118706,Clear,0,67400,6,16,4,0,-58720,8.03305785123967,1,68103.57,0.0,10215.54,78319.11,0.0,0.0,LOW
ATM_0012,2022-10-29,Saturday,Evening,49381,6797,Gas Station,0,0,108397,Clear,2,50648,10,29,5,1,-42584,7.264048249485143,0,45191.89,0.0,4519.19,49711.08,0.0,0.0,LOW
ATM_0036,2022-02-26,Saturday,Night,56720,22375,Mall,0,0,97771,Clear,1,46437,2,26,5,1,-34345,2.5348587772613516,0,38946.17,0.0,5841.93,44788.1,0.0,0.0,LOW
ATM_0026,2023-10-03,Tuesday,Evening,48505,11155,Mall,0,0,105624,Snowy,0,48375,10,3,1,0,-37350,4.347884546432413,0,40061.91,0.0,6009.29,46071.2,0.0,0.0,LOW
ATM_0020,2023-09-17,Sunday,Afternoon,64984,12753,Supermarket,0,0,119253,Rainy,4,62055,9,17,6,1,-52231,5.095185824055198,0,55588.4,0.0,8338.26,63926.66,0.0,0.0,LOW
ATM_0028,2022-03-27,Sunday,Afternoon,52401,13781,Supermarket,0,0,89862,Rainy,0,54249,3,27,6,1,-38620,3.802133217239878,0,42154.98,0.0,6323.25,48478.23,0.0,0.0,LOW
ATM_0049,2022-07-19,Tuesday,Evening,70579,9653,Supermarket,0,0,113890,Rainy,0,67370,7,19,1,0,-60926,7.310855603894758,0,62287.96,0.0,9343.19,71631.15,0.0,0.0,LOW
ATM_0037,2022-09-29,Thursday,Morning,55412,14096,Mall,0,1,134833,Rainy,3,59616,9,29,3,0,-41316,3.9307654110803716,1,50924.91,0.0,7638.74,58563.65,0.0,0.0,LOW
ATM_0028,2022-11-22,Tuesday,Night,75858,9165,Mall,0,0,132623,Clear,4,79717,11,22,1,0,-66693,8.276020074187214,0,69755.89,0.0,10463.38,80219.27,0.0,0.0,LOW
ATM_0028,2022-02-19,Saturday,Morning,47901,10982,Supermarket,0,0,123990,Clear,5,44287,2,19,5,1,-36919,4.361376673040153,0,38718.79,0.0,5807.82,44526.61,0.0,0.0,LOW
ATM_0004,2022-07-06,Wednesday,Evening,29294,7924,Standalone,0,0,108266,Cloudy,4,20914,7,6,2,0,-21370,3.696403785488959,0,24814.45,0.0,3722.17,28536.62,0.0,0.0,LOW
ATM_0038,2023-12-22,Friday,Night,37860,1100,Mall,0,0,104287,Cloudy,4,40119,12,22,4,0,-36760,34.38692098092643,0,38145.31,0.0,5721.8,43867.11,0.0,0.0,LOW
ATM_0010,2022-02-20,Sunday,Afternoon,27579,6505,Gas Station,0,0,80016,Clear,3,25849,2,20,6,1,-21074,4.239010144482017,0,23441.42,0.0,2344.14,25785.56,0.0,0.0,LOW
ATM_0035,2023-12-20,Wednesday,Morning,50872,6511,Supermarket,0,0,99860,Clear,2,38381,12,20,2,0,-44361,7.812039312039312,0,45744.72,0.0,6861.71,52606.43,0.0,0.0,LOW
ATM_0003,2023-07-20,Thursday,Afternoon,30519,1909,Standalone,0,0,94229,Snowy,2,26590,7,20,3,0,-28610,15.978534031413613,0,29509.4,0.0,4426.41,33935.81,0.0,0.0,LOW
ATM_0018,2023-08-03,Thursday,Evening,43968,7387,Mall,0,0,95751,Clear,4,42426,8,3,3,0,-36581,5.951272333513806,0,38169.72,0.0,5725.46,43895.18,0.0,0.0,LOW
ATM_0044,2022-12-07,Wednesday,Morning,38003,8145,Gas Station,0,0,85524,Cloudy,2,37904,12,7,2,0,-29858,4.6652344709059665,0,32407.47,0.0,3240.75,35648.22,0.0,0.0,LOW
ATM_0022,2023-02-12,Sunday,Night,38891,10123,Supermarket,0,0,97955,Snowy,4,29504,2,12,6,1,-28768,3.8414658237850654,0,31107.35,0.0,4666.1,35773.45,0.0,0.0,LOW
ATM_0042,2022-02-11,Friday,Night,39202,12008,Standalone,0,0,141103,Snowy,0,28182,2,11,4,0,-27194,3.264385044549921,0,30850.17,0.0,4627.53,35477.7,0.0,0.0,LOW
ATM_0020,2022-05-27,Friday,Morning,36877,13343,Standalone,0,0,113935,Cloudy,5,28019,5,27,4,0,-23534,2.763564148681055,0,26098.72,0.0,3914.81,30013.53,0.0,0.0,LOW
ATM_0029,2023-03-18,Saturday,Afternoon,53081,9800,Standalone,0,0,91310,Snowy,3,38861,3,18,5,1,-43281,5.415875931027446,0,46118.29,0.0,6917.74,53036.03,0.0,0.0,LOW
ATM_0026,2023-02-04,Saturday,Morning,38525,7030,Supermarket,0,0,122137,Rainy,0,39354,2,4,5,1,-31495,5.479305930877542,0,33911.41,0.0,5086.71,38998.12,0.0,0.0,LOW
ATM_0031,2022-10-28,Friday,Night,45472,14215,Supermarket,0,0,104172,Clear,1,35178,10,28,4,0,-31257,3.1986494091164883,0,33912.15,0.0,5086.82,38998.97,0.0,0.0,LOW
ATM_0044,2023-02-01,Wednesday,Afternoon,39031,14201,Supermarket,0,0,93898,Cloudy,0,24380,2,1,2,0,-24830,2.748274890860442,0,28126.61,0.0,4218.99,32345.6,0.0,0.0,LOW
ATM_0011,2022-03-06,Sunday,Evening,58242,13359,Gas Station,0,1,98087,Rainy,0,49699,3,6,6,1,-44883,4.359431137724551,1,54010.85,0.0,5401.09,59411.94,0.0,0.0,LOW
ATM_0046,2022-06-01,Wednesday,Evening,53250,12873,Bank Branch,0,0,92041,Rainy,2,50240,6,1,2,0,-40377,4.136243591735281,0,43879.4,0.0,4387.94,48267.34,0.0,0.0,LOW
ATM_0010,2022-12-16,Friday,Night,31492,11495,Mall,0,0,106362,Snowy,5,30203,12,16,4,0,-19997,2.7393876130828114,0,23361.8,0.0,3504.27,26866.07,0.0,0.0,LOW
ATM_0034,2023-09-27,Wednesday,Evening,49367,13695,Supermarket,0,0,96281,Clear,3,34041,9,27,2,0,-35672,3.6044830607476634,0,38305.65,0.0,5745.85,44051.5,0.0,0.0,LOW
ATM_0012,2022-04-21,Thursday,Evening,43191,14447,Mall,0,0,122118,Rainy,0,21128,4,21,3,0,-28744,2.9894102990033224,0,31283.99,0.0,4692.6,35976.59,0.0,0.0,LOW
ATM_0041,2023-01-04,Wednesday,Afternoon,58502,3753,Standalone,0,0,100543,Clear,1,59558,1,4,2,0,-54749,15.583910495471496,0,56257.71,0.0,8438.66,64696.37,0.0,0.0,LOW
ATM_0047,2022-05-02,Monday,Evening,46970,13846,Standalone,0,1,90828,Clear,2,38057,5,2,0,0,-33124,3.392070484581498,1,43193.08,0.0,6478.96,49672.04,0.0,0.0,LOW
ATM_0009,2023-12-30,Saturday,Morning,26398,13343,Mall,0,0,73375,Rainy,4,14215,12,30,5,1,-13055,1.978267386091127,0,16238.37,0.0,2435.76,18674.13,0.0,0.0,LOW
ATM_0018,2022-09-22,Thursday,Afternoon,56519,13244,Mall,0,0,106772,Snowy,5,52205,9,22,3,0,-43275,4.26719516798792,0,47416.19,0.0,7112.43,54528.62,0.0,0.0,LOW
ATM_0042,2022-03-18,Friday,Evening,33710,1561,Mall,0,0,95177,Cloudy,4,31879,3,18,4,0,-32149,21.581306017925737,0,33936.23,0.0,5090.43,39026.66,0.0,0.0,LOW
ATM_0015,2022-09-29,Thursday,Afternoon,27671,6962,Gas Station,0,0,87386,Cloudy,4,28568,9,29,3,0,-20709,3.9740054574177797,0,23321.12,0.0,2332.11,25653.23,0.0,0.0,LOW
ATM_0049,2023-07-12,Wednesday,Afternoon,82104,18328,Standalone,0,0,114618,Rainy,0,79902,7,12,2,0,-63776,4.479458781166458,0,66018.88,0.0,9902.83,75921.71,0.0,0.0,LOW
ATM_0008,2023-03-14,Tuesday,Afternoon,32998,15382,Bank Branch,0,0,118559,Cloudy,4,25716,3,14,1,0,-17616,2.145095234999675,0,20908.97,0.0,2090.9,22999.87,0.0,0.0,LOW
ATM_0037,2023-11-29,Wednesday,Morning,47729,15695,Supermarket,0,0,91055,Clear,0,30023,11,29,2,0,-32034,3.0408384301732925,0,34496.44,0.0,5174.47,39670.91,0.0,0.0,LOW
ATM_0044,2023-08-04,Friday,Night,31023,14889,Bank Branch,0,0,98295,Rainy,3,17654,8,4,4,0,-16134,2.0834788448623236,0,19571.11,0.0,1957.11,21528.22,0.0,0.0,LOW
ATM_0023,2023-04-20,Thursday,Night,59026,9283,Bank Branch,0,0,131392,Snowy,4,44042,4,20,3,0,-49743,6.35781990521327,0,51204.72,0.0,5120.47,56325.19,0.0,0.0,LOW
ATM_0031,2023-04-08,Saturday,Evening,35674,7359,Standalone,0,0,85231,Cloudy,1,36393,4,8,5,1,-28315,4.847010869565217,0,31250.85,0.0,4687.63,35938.48,0.0,0.0,LOW
ATM_0050,2023-12-21,Thursday,Evening,53560,5795,Supermarket,0,0,98583,Rainy,1,49974,12,21,3,0,-47765,9.240855762594894,0,49466.69,0.0,7420.0,56886.69,0.0,0.0,LOW
ATM_0041,2022-11-26,Saturday,Afternoon,40834,12023,Standalone,0,0,101296,Cloudy,4,22721,11,26,5,1,-28811,3.39604125083167,0,32383.07,0.0,4857.46,37240.53,0.0,0.0,LOW
ATM_0041,2023-04-29,Saturday,Evening,50186,13888,Bank Branch,0,0,121878,Rainy,5,33907,4,29,5,1,-36298,3.613363093095255,0,38608.33,0.0,3860.83,42469.16,0.0,0.0,LOW
ATM_0009,2023-02-10,Friday,Afternoon,41303,5984,Mall,0,0,115452,Clear,3,29262,2,10,4,0,-35319,6.901086048454469,0,37441.47,0.0,5616.22,43057.69,0.0,0.0,LOW
ATM_0019,2023-12-30,Saturday,Morning,30774,9663,Standalone,0,0,88648,Snowy,1,25912,12,30,5,1,-21111,3.1843956953642385,0,23531.62,0.0,3529.74,27061.36,0.0,0.0,LOW
ATM_0019,2022-12-31,Saturday,Afternoon,30090,4114,Supermarket,1,0,95872,Cloudy,2,35692,12,31,5,1,-25976,7.312272174969623,1,35236.45,0.0,7047.29,42283.74,0.0,0.0,LOW
ATM_0023,2023-12-26,Tuesday,Night,51814,6207,Standalone,0,0,121168,Rainy,1,54835,12,26,1,0,-45607,8.34632731958763,0,47996.88,0.0,7199.53,55196.41,0.0,0.0,LOW
ATM_0005,2023-09-02,Saturday,Night,47537,11878,Mall,0,0,95713,Snowy,1,43979,9,2,5,1,-35659,4.001767825574543,0,38371.81,0.0,5755.77,44127.58,0.0,0.0,LOW
ATM_0015,2022-09-06,Tuesday,Evening,55904,9963,Supermarket,0,1,116276,Rainy,4,61369,9,6,1,0,-45941,5.6105981533520675,1,56288.15,0.0,8443.22,64731.37,0.0,0.0,LOW
ATM_0048,2023-12-30,Saturday,Evening,43962,12225,Supermarket,0,0,111036,Clear,5,36400,12,30,5,1,-31737,3.5957794863405854,0,34081.54,0.0,5112.23,39193.77,0.0,0.0,LOW
ATM_0009,2022-04-29,Friday,Evening,57672,10406,Supermarket,0,0,89013,Cloudy,4,56582,4,29,4,0,-47266,5.541654655520323,0,49841.16,0.0,7476.17,57317.33,0.0,0.0,LOW
ATM_0017,2022-08-11,Thursday,Night,63886,0,Gas Station,0,1,98714,Rainy,4,68694,8,11,3,0,-63886,63886.0,1,70561.45,0.0,7056.15,77617.6,0.0,0.0,LOW
ATM_0008,2022-06-14,Tuesday,Afternoon,85729,3203,Bank Branch,0,0,133010,Snowy,2,68463,6,14,1,0,-82526,26.756866416978777,0,88998.14,0.0,8899.81,97897.95,0.0,0.0,LOW
ATM_0008,2022-11-16,Wednesday,Afternoon,42346,15509,Gas Station,0,0,110302,Snowy,3,29388,11,16,2,0,-26837,2.7302385557704705,0,30396.51,0.0,3039.65,33436.16,0.0,0.0,LOW
ATM_0031,2023-05-24,Wednesday,Evening,53327,11608,Mall,0,0,97150,Rainy,3,52537,5,24,2,0,-41719,4.593591179257473,0,44232.46,0.0,6634.87,50867.33,0.0,0.0,LOW
ATM_0025,2023-02-25,Saturday,Evening,62721,14722,Gas Station,0,0,108569,Cloudy,3,42314,2,25,5,1,-47999,4.260069279358826,0,51843.9,0.0,5184.39,57028.29,0.0,0.0,LOW
ATM_0046,2022-05-23,Monday,Afternoon,41744,14216,Supermarket,0,0,128472,Clear,1,34677,5,23,0,0,-27528,2.9362031370894,0,30646.04,0.0,4596.91,35242.95,0.0,0.0,LOW
ATM_0044,2023-10-23,Monday,Afternoon,20893,5603,Mall,0,0,83549,Rainy,4,18511,10,23,0,0,-15290,3.728229835831549,0,17419.58,0.0,2612.94,20032.52,0.0,0.0,LOW
ATM_0027,2023-07-05,Wednesday,Afternoon,19522,9147,Gas Station,0,0,109265,Snowy,3,17619,7,5,2,0,-10375,2.134018364669873,0,13677.89,0.0,1367.79,15045.68,0.0,0.0,LOW
ATM_0009,2023-03-13,Monday,Evening,61703,11595,Bank Branch,0,0,135228,Rainy,0,60986,3,13,0,0,-50108,5.321058985857192,0,52638.16,0.0,5263.82,57901.98,0.0,0.0,LOW
ATM_0026,2023-11-07,Tuesday,Night,63512,9397,Mall,0,0,107156,Snowy,1,63655,11,7,1,0,-54115,6.758033624175356,0,57017.58,0.0,8552.64,65570.22,0.0,0.0,LOW
ATM_0007,2022-07-06,Wednesday,Afternoon,45299,12932,Standalone,0,0,107948,Snowy,1,37978,7,6,2,0,-32367,3.502590272945179,0,34682.25,0.0,5202.34,39884.59,0.0,0.0,LOW
ATM_0022,2023-06-18,Sunday,Evening,35080,13297,Supermarket,0,0,137257,Clear,0,29475,6,18,6,1,-21783,2.637990675289517,0,24551.72,0.0,3682.76,28234.48,0.0,0.0,LOW
ATM_0034,2023-11-05,Sunday,Evening,25807,20064,Gas Station,0,0,112113,Rainy,2,7566,11,5,6,1,-5743,1.2861699476700723,0,10450.18,0.0,1045.02,11495.2,0.0,0.0,LOW
ATM_0012,2022-05-02,Monday,Morning,49255,5893,Gas Station,0,0,138208,Cloudy,4,41190,5,2,0,0,-43362,8.356803529012556,0,45132.62,0.0,4513.26,49645.88,0.0,0.0,LOW
ATM_0044,2022-04-01,Friday,Night,39466,4009,Mall,0,0,100306,Rainy,3,32590,4,1,4,0,-35457,9.841895261845387,0,37113.79,0.0,5567.07,42680.86,0.0,0.0,LOW
ATM_0023,2023-01-06,Friday,Evening,46097,9252,Supermarket,0,1,101780,Rainy,0,42944,1,6,4,0,-36845,4.981843726359019,1,44445.65,0.0,6666.85,51112.5,0.0,0.0,LOW
ATM_0040,2022-09-10,Saturday,Night,44111,7173,Supermarket,0,0,114304,Clear,1,34116,9,10,5,1,-36938,6.148731530526903,0,38237.17,0.0,5735.58,43972.75,0.0,0.0,LOW
ATM_0032,2023-02-14,Tuesday,Night,25214,16091,Gas Station,0,0,92539,Cloudy,3,12655,2,14,1,0,-9123,1.5668655232413622,0,12458.92,0.0,1245.89,13704.81,0.0,0.0,LOW
ATM_0024,2023-08-05,Saturday,Afternoon,44064,12023,Standalone,0,0,86046,Cloudy,0,40891,8,5,5,1,-32041,3.6646706586826348,0,35307.72,0.0,5296.16,40603.88,0.0,0.0,LOW
ATM_0014,2022-11-13,Sunday,Morning,34201,3035,Gas Station,0,0,87165,Clear,4,33152,11,13,6,1,-31166,11.265151515151516,0,32264.56,0.0,3226.46,35491.02,0.0,0.0,LOW
ATM_0023,2022-08-14,Sunday,Morning,52686,6757,Supermarket,0,0,100610,Snowy,1,43150,8,14,6,1,-45929,7.796093518792542,0,47677.87,0.0,7151.68,54829.55,0.0,0.0,LOW
ATM_0028,2023-05-19,Friday,Afternoon,41932,13920,Bank Branch,0,0,98791,Clear,5,31985,5,19,4,0,-28012,3.0121399324761153,0,30461.63,0.0,3046.16,33507.79,0.0,0.0,LOW
ATM_0001,2022-11-12,Saturday,Evening,53362,7740,Bank Branch,0,0,145431,Cloudy,2,45094,11,12,5,1,-45622,6.8934246221418425,0,47099.11,0.0,4709.91,51809.02,0.0,0.0,LOW
ATM_0032,2023-09-26,Tuesday,Afternoon,25276,13925,Mall,0,0,102179,Clear,0,16383,9,26,1,0,-11351,1.815022260519891,0,14929.33,0.0,2239.4,17168.73,0.0,0.0,LOW
ATM_0001,2023-06-22,Thursday,Night,55033,0,Mall,0,0,138880,Cloudy,2,48968,6,22,3,0,-55033,55033.0,0,55653.83,0.0,8348.07,64001.9,0.0,0.0,LOW
ATM_0030,2023-12-22,Friday,Morning,54668,13453,Standalone,0,0,121790,Clear,2,40873,12,22,4,0,-41215,4.063326891630742,0,44971.22,0.0,6745.68,51716.9,0.0,0.0,LOW
ATM_0031,2022-08-18,Thursday,Morning,36596,8918,Gas Station,0,0,89759,Cloudy,3,34461,8,18,3,0,-27678,4.103150577418993,0,30295.89,0.0,3029.59,33325.48,0.0,0.0,LOW
ATM_0044,2023-02-08,Wednesday,Morning,59758,12764,Mall,0,0,94580,Rainy,3,58805,2,8,2,0,-46994,4.681394437916177,0,48979.45,0.0,7346.92,56326.37,0.0,0.0,LOW
ATM_0033,2023-02-01,Wednesday,Night,34507,9022,Bank Branch,0,0,72747,Snowy,4,22398,2,1,2,0,-25485,3.8243378033913333,0,27822.5,0.0,2782.25,30604.75,0.0,0.0,LOW
ATM_0031,2022-04-17,Sunday,Evening,35935,13552,Standalone,0,1,105988,Cloudy,4,32255,4,17,6,1,-22383,2.6514424850586584,1,32234.42,0.0,4835.16,37069.58,0.0,0.0,LOW
ATM_0013,2022-06-10,Friday,Night,66713,12009,Gas Station,0,0,106227,Clear,5,58709,6,10,4,0,-54704,5.554787676935887,0,57622.51,0.0,5762.25,63384.76,0.0,0.0,LOW
ATM_0022,2022-11-12,Saturday,Morning,67470,11028,Gas Station,0,0,110764,Rainy,5,48095,11,12,5,1,-56442,6.117508386979781,0,59525.89,0.0,5952.59,65478.48,0.0,0.0,LOW
ATM_0012,2023-02-28,Tuesday,Morning,39929,6431,Supermarket,0,0,128508,Snowy,3,32682,2,28,1,0,-33498,6.207866915422885,0,34979.56,0.0,5246.93,40226.49,0.0,0.0,LOW
ATM_0033,2023-07-20,Thursday,Night,77966,15712,Mall,0,0,110670,Snowy,5,73537,7,20,3,0,-62254,4.961878699166295,0,66293.24,0.0,9943.99,76237.23,0.0,0.0,LOW
ATM_0039,2023-05-01,Monday,Afternoon,46389,11649,Standalone,0,0,105043,Cloudy,4,43154,5,1,0,0,-34740,3.9818884120171676,0,38190.56,0.0,5728.58,43919.14,0.0,0.0,LOW
ATM_0019,2022-08-06,Saturday,Afternoon,37122,8329,Gas Station,0,0,103051,Cloudy,0,23864,8,6,5,1,-28793,4.456422569027611,0,31923.2,0.0,3192.32,35115.52,0.0,0.0,LOW
ATM_0011,2023-01-27,Friday,Afternoon,60153,6599,Bank Branch,0,0,126652,Cloudy,5,43996,1,27,4,0,-53554,9.114090909090908,0,56360.77,0.0,5636.08,61996.85,0.0,0.0,LOW
ATM_0028,2022-12-26,Monday,Night,59393,5316,Standalone,0,0,133960,Cloudy,5,45062,12,26,0,0,-54077,11.170396840323491,0,56146.01,0.0,8421.9,64567.91,0.0,0.0,LOW
ATM_0048,2022-03-22,Tuesday,Evening,42115,10425,Standalone,0,0,103159,Rainy,2,37352,3,22,1,0,-31690,4.039420679071552,0,34051.82,0.0,5107.77,39159.59,0.0,0.0,LOW
ATM_0029,2022-09-16,Friday,Evening,50111,4043,Mall,0,0,118391,Rainy,2,42393,9,16,4,0,-46068,12.391444114737883,0,48263.62,0.0,7239.54,55503.16,0.0,0.0,LOW
ATM_0002,2023-01-09,Monday,Afternoon,62567,13631,Gas Station,0,0,95986,Clear,4,54705,1,9,0,0,-48936,4.589715375586854,0,51393.2,0.0,5139.32,56532.52,0.0,0.0,LOW
ATM_0047,2022-10-07,Friday,Night,37801,8050,Standalone,0,0,129157,Snowy,2,38841,10,7,4,0,-29751,4.695193143708856,0,31954.09,0.0,4793.11,36747.2,0.0,0.0,LOW
ATM_0034,2022-01-08,Saturday,Evening,54080,11446,Bank Branch,0,0,151748,Rainy,5,49100,1,8,5,1,-42634,4.724381934131213,0,44827.88,0.0,4482.79,49310.67,0.0,0.0,LOW
ATM_0035,2023-01-16,Monday,Night,32362,12463,Supermarket,0,0,86993,Clear,1,21955,1,16,0,0,-19899,2.5964377406931964,0,23066.36,0.0,3459.95,26526.31,0.0,0.0,LOW
ATM_0027,2023-09-08,Friday,Night,39750,15858,Standalone,0,1,92597,Clear,5,34227,9,8,4,0,-23892,2.5064632070117914,1,34067.86,0.0,5110.18,39178.04,0.0,0.0,LOW
ATM_0021,2022-04-16,Saturday,Morning,24353,0,Bank Branch,0,0,104785,Rainy,4,24770,4,16,5,1,-24353,24353.0,0,26021.94,0.0,2602.19,28624.13,0.0,0.0,LOW
ATM_0029,2023-10-09,Monday,Night,48936,5977,Bank Branch,0,0,113099,Snowy,3,44789,10,9,0,0,-42959,8.186015389762462,0,45531.43,0.0,4553.14,50084.57,0.0,0.0,LOW
ATM_0048,2022-02-08,Tuesday,Afternoon,56074,17301,Bank Branch,0,0,100175,Rainy,3,57626,2,8,1,0,-38773,3.2408970061264593,0,42326.13,0.0,4232.61,46558.74,0.0,0.0,LOW
ATM_0013,2023-08-08,Tuesday,Night,23626,8809,Standalone,0,0,72272,Rainy,0,19595,8,8,1,0,-14817,2.6817253121452893,0,17534.18,0.0,2630.13,20164.31,0.0,0.0,LOW
ATM_0046,2023-08-13,Sunday,Evening,52912,12937,Mall,0,0,92850,Clear,0,50959,8,13,6,1,-39975,4.089658370690988,0,42436.08,0.0,6365.41,48801.49,0.0,0.0,LOW
ATM_0039,2022-12-02,Friday,Morning,53181,9910,Gas Station,0,0,131922,Snowy,4,35279,12,2,4,0,-43271,5.365856119463222,0,45502.6,0.0,4550.26,50052.86,0.0,0.0,LOW
ATM_0030,2023-05-03,Wednesday,Night,53681,14215,Bank Branch,0,0,114158,Rainy,0,36253,5,3,2,0,-39466,3.776097355092853,0,42670.14,0.0,4267.01,46937.15,0.0,0.0,LOW
ATM_0028,2022-03-31,Thursday,Evening,36470,9079,Standalone,0,0,126978,Snowy,3,27051,3,31,3,0,-27391,4.016519823788546,0,29526.15,0.0,4428.92,33955.07,0.0,0.0,LOW
ATM_0042,2023-01-16,Monday,Evening,46247,17567,Gas Station,0,0,111380,Rainy,2,36001,1,16,0,0,-28680,2.6324567395264116,0,31416.76,0.0,3141.68,34558.44,0.0,0.0,LOW
ATM_0002,2022-12-19,Monday,Afternoon,47529,10422,Gas Station,0,0,129772,Cloudy,0,34537,12,19,0,0,-37107,4.560011513000096,0,38512.08,0.0,3851.21,42363.29,0.0,0.0,LOW
ATM_0047,2023-02-18,Saturday,Night,52693,12937,Standalone,0,0,117411,Cloudy,0,38291,2,18,5,1,-39756,4.07273148863812,0,42437.66,0.0,6365.65,48803.31,0.0,0.0,LOW
ATM_0031,2022-03-29,Tuesday,Morning,49491,13888,Bank Branch,0,0,115520,Rainy,5,43242,3,29,1,0,-35603,3.5633234934120526,0,38008.62,0.0,3800.86,41809.48,0.0,0.0,LOW
ATM_0030,2022-09-17,Saturday,Evening,49689,16895,Supermarket,0,0,124411,Snowy,5,37092,9,17,5,1,-32794,2.9408735795454546,0,36277.16,0.0,5441.57,41718.73,0.0,0.0,LOW
ATM_0007,2023-12-18,Monday,Afternoon,54526,14338,Bank Branch,0,0,99270,Cloudy,0,51063,12,18,0,0,-40188,3.802636167096729,0,44264.22,0.0,4426.42,48690.64,0.0,0.0,LOW
ATM_0022,2023-12-12,Tuesday,Morning,52724,7113,Gas Station,0,0,109578,Clear,5,47148,12,12,1,0,-45611,7.411301658701153,0,47350.52,0.0,4735.05,52085.57,0.0,0.0,LOW
ATM_0049,2023-02-19,Sunday,Evening,64568,8766,Mall,0,0,109045,Cloudy,2,49487,2,19,6,1,-55802,7.364891068780655,0,58222.51,0.0,8733.38,66955.89,0.0,0.0,LOW
ATM_0003,2023-05-23,Tuesday,Morning,27608,15158,Gas Station,0,0,77601,Snowy,3,22841,5,23,1,0,-12450,1.8212283132132727,0,16339.36,0.0,1633.94,17973.3,0.0,0.0,LOW
ATM_0034,2022-10-03,Monday,Afternoon,54067,18256,Mall,0,0,160765,Snowy,3,44198,10,3,0,0,-35811,2.961439447883004,0,40271.63,0.0,6040.74,46312.37,0.0,0.0,LOW
ATM_0014,2023-03-20,Monday,Evening,47656,15239,Standalone,0,0,119145,Clear,2,27994,3,20,0,0,-32417,3.127034120734908,0,35745.14,0.0,5361.77,41106.91,0.0,0.0,LOW
ATM_0001,2022-07-13,Wednesday,Morning,46492,7618,Gas Station,0,0,120126,Rainy,5,44577,7,13,2,0,-38874,6.102113138207113,0,40705.92,0.0,4070.59,44776.51,0.0,0.0,LOW
ATM_0036,2023-11-06,Monday,Evening,38273,3370,Supermarket,0,0,92097,Rainy,1,39411,11,6,0,0,-34903,11.353604271729457,0,36577.8,0.0,5486.67,42064.47,0.0,0.0,LOW
ATM_0041,2022-02-04,Friday,Night,58903,11300,Standalone,0,0,95291,Snowy,1,46030,2,4,4,0,-47603,5.212193611184851,0,50571.37,0.0,7585.71,58157.08,0.0,0.0,LOW
ATM_0042,2022-02-08,Tuesday,Afternoon,58986,2874,Supermarket,0,1,100249,Cloudy,3,62266,2,8,1,0,-56112,20.51686956521739,1,65607.78,0.0,9841.17,75448.95,0.0,0.0,LOW
ATM_0013,2022-08-13,Saturday,Morning,55144,9541,Supermarket,0,0,110282,Rainy,1,41617,8,13,5,1,-45603,5.779081953468874,0,47994.09,0.0,7199.11,55193.2,0.0,0.0,LOW
ATM_0029,2023-09-04,Monday,Morning,26168,5673,Standalone,0,0,118645,Clear,1,27371,9,4,0,0,-20495,4.6119139936552696,0,22903.64,0.0,3435.55,26339.19,0.0,0.0,LOW
ATM_0002,2022-10-27,Thursday,Afternoon,31662,12638,Bank Branch,0,0,130213,Rainy,5,19649,10,27,3,0,-19024,2.5051032518395444,0,20496.72,0.0,2049.67,22546.39,0.0,0.0,LOW
ATM_0003,2023-12-11,Monday,Night,52213,2799,Supermarket,0,0,107533,Clear,2,48170,12,11,0,0,-49414,18.6475,0,50569.68,0.0,7585.45,58155.13,0.0,0.0,LOW
ATM_0034,2022-05-08,Sunday,Morning,41664,13487,Supermarket,0,0,86281,Clear,2,23274,5,8,6,1,-28177,3.088967971530249,0,30547.84,0.0,4582.18,35130.02,0.0,0.0,LOW
ATM_0020,2023-06-28,Wednesday,Evening,54117,9922,Gas Station,0,0,135263,Snowy,3,52275,6,28,2,0,-44195,5.453693439484027,0,46036.03,0.0,4603.6,50639.63,0.0,0.0,LOW
ATM_0049,2023-05-13,Saturday,Night,36219,15479,Bank Branch,0,0,112780,Rainy,2,17823,5,13,5,1,-20740,2.3397286821705428,0,23554.28,0.0,2355.43,25909.71,0.0,0.0,LOW
ATM_0046,2022-12-04,Sunday,Evening,27506,2270,Bank Branch,0,0,102595,Clear,2,26675,12,4,6,1,-25236,12.111845002201674,0,27704.36,0.0,2770.44,30474.8,0.0,0.0,LOW
ATM_0006,2023-07-03,Monday,Afternoon,48362,8347,Gas Station,0,0,149331,Rainy,4,40518,7,3,0,0,-40015,5.793243890752276,0,41575.85,0.0,4157.59,45733.44,0.0,0.0,LOW
ATM_0009,2023-03-24,Friday,Evening,32261,5727,Bank Branch,0,0,99032,Clear,4,35264,3,24,4,0,-26534,5.63215782122905,0,29681.66,0.0,2968.17,32649.83,0.0,0.0,LOW
ATM_0022,2022-07-09,Saturday,Evening,29106,7022,Standalone,0,0,99061,Cloudy,4,19400,7,9,5,1,-22084,4.14438274241777,0,24855.05,0.0,3728.26,28583.31,0.0,0.0,LOW
ATM_0034,2023-11-09,Thursday,Morning,26733,2741,Standalone,0,1,78391,Clear,1,31204,11,9,3,0,-23992,9.74945295404814,1,33460.86,0.0,5019.13,38479.99,0.0,0.0,LOW
ATM_0017,2023-05-29,Monday,Night,59058,3210,Gas Station,0,0,112442,Snowy,0,48124,5,29,0,0,-55848,18.39240112114606,0,57256.48,0.0,5725.65,62982.13,0.0,0.0,LOW
ATM_0046,2022-10-29,Saturday,Evening,58285,8575,Supermarket,0,0,108838,Snowy,5,53707,10,29,5,1,-49710,6.79629197761194,0,51388.4,0.0,7708.26,59096.66,0.0,0.0,LOW
ATM_0002,2023-06-07,Wednesday,Afternoon,43312,12595,Standalone,0,0,106185,Snowy,0,26606,6,7,2,0,-30717,3.4385519212448394,0,34069.55,0.0,5110.43,39179.98,0.0,0.0,LOW
ATM_0024,2022-12-21,Wednesday,Evening,30220,13812,Supermarket,0,0,131238,Rainy,2,19670,12,21,2,0,-16408,2.1877941070006517,0,19242.34,0.0,2886.35,22128.69,0.0,0.0,LOW
ATM_0022,2023-06-05,Monday,Morning,43305,6691,Mall,0,0,119404,Rainy,5,42368,6,5,0,0,-36614,6.471159593544531,0,38051.93,0.0,5707.79,43759.72,0.0,0.0,LOW
ATM_0032,2023-05-20,Saturday,Evening,13560,9199,Standalone,0,0,105156,Rainy,2,6422,5,20,5,1,-4361,1.4739130434782608,0,7648.75,0.0,1147.31,8796.06,0.0,0.0,LOW
ATM_0019,2023-12-27,Wednesday,Morning,48273,10735,Bank Branch,0,0,108591,Cloudy,1,51175,12,27,2,0,-37538,4.49636736214605,0,39428.14,0.0,3942.81,43370.95,0.0,0.0,LOW
ATM_0019,2023-08-24,Thursday,Afternoon,43380,14647,Gas Station,0,0,107220,Clear,0,29097,8,24,3,0,-28733,2.9614964500273073,0,30829.29,0.0,3082.93,33912.22,0.0,0.0,LOW
ATM_0032,2022-03-05,Saturday,Evening,54727,7493,Standalone,0,0,105652,Snowy,4,56160,3,5,5,1,-47234,7.302775553776354,0,49963.83,0.0,7494.57,57458.4,0.0,0.0,LOW
ATM_0028,2022-05-16,Monday,Afternoon,52893,9174,Supermarket,0,0,130726,Cloudy,5,47855,5,16,0,0,-43719,5.7649046321525885,0,46122.55,0.0,6918.38,53040.93,0.0,0.0,LOW
ATM_0032,2022-05-01,Sunday,Afternoon,61963,21500,Standalone,0,0,90141,Rainy,2,39766,5,1,6,1,-40463,2.881865959722804,0,44525.41,0.0,6678.81,51204.22,0.0,0.0,LOW
ATM_0002,2022-06-22,Wednesday,Night,40519,4166,Gas Station,0,0,122810,Clear,3,35612,6,22,2,0,-36353,9.723782097432206,0,37003.41,0.0,3700.34,40703.75,0.0,0.0,LOW
ATM_0020,2022-05-07,Saturday,Afternoon,22265,14419,Bank Branch,0,0,123165,Cloudy,3,13819,5,7,5,1,-7846,1.5440360610263524,0,13084.03,0.0,1308.4,14392.43,0.0,0.0,LOW
ATM_0022,2022-10-17,Monday,Evening,58026,2153,Standalone,0,0,130800,Snowy,2,59617,10,17,0,0,-55873,26.938718662952645,0,57050.48,0.0,8557.57,65608.05,0.0,0.0,LOW
ATM_0023,2023-09-30,Saturday,Evening,39855,0,Standalone,0,1,115293,Rainy,0,51494,9,30,5,1,-39855,39855.0,1,45732.36,0.0,6859.85,52592.21,0.0,0.0,LOW
ATM_0028,2023-07-26,Wednesday,Afternoon,55500,8126,Bank Branch,0,0,122496,Cloudy,5,49627,7,26,2,0,-47374,6.829088224437061,0,49516.65,0.0,4951.67,54468.32,0.0,0.0,LOW
ATM_0049,2023-03-01,Wednesday,Night,50525,10254,Supermarket,0,0,113598,Snowy,0,32752,3,1,2,0,-40271,4.9268649439297905,0,43536.05,0.0,6530.41,50066.46,0.0,0.0,LOW
ATM_0020,2023-08-18,Friday,Morning,37137,12129,Mall,0,0,81588,Clear,2,27998,8,18,4,0,-25008,3.061582852431987,0,27856.14,0.0,4178.42,32034.56,0.0,0.0,LOW
ATM_0013,2022-03-23,Wednesday,Night,39676,10402,Mall,0,0,82924,Snowy,5,26465,3,23,2,0,-29274,3.8138998365856005,0,32073.26,0.0,4810.99,36884.25,0.0,0.0,LOW
ATM_0031,2023-07-27,Thursday,Evening,72561,18114,Bank Branch,0,0,113924,Cloudy,4,57294,7,27,3,0,-54447,4.0055754899254765,0,58181.79,0.0,5818.18,63999.97,0.0,0.0,LOW
ATM_0015,2022-08-17,Wednesday,Night,61452,16123,Supermarket,0,0,99885,Clear,4,52027,8,17,2,0,-45329,3.811213098486728,0,49093.98,0.0,7364.1,56458.08,0.0,0.0,LOW
ATM_0044,2022-01-26,Wednesday,Morning,47367,0,Mall,0,0,80179,Rainy,4,53436,1,26,2,0,-47367,47367.0,0,46610.31,0.0,6991.55,53601.86,0.0,0.0,LOW
ATM_0006,2022-04-06,Wednesday,Morning,36885,15188,Standalone,0,0,110174,Rainy,0,27668,4,6,2,0,-21697,2.4284021331226544,0,24882.07,0.0,3732.31,28614.38,0.0,0.0,LOW
ATM_0011,2023-02-20,Monday,Evening,12547,10050,Mall,0,0,64070,Rainy,5,5768,2,20,0,0,-2497,1.248333499154313,0,6259.49,0.0,938.92,7198.41,0.0,0.0,LOW
ATM_0003,2022-07-09,Saturday,Morning,55712,13490,Bank Branch,0,0,92815,Cloudy,4,34790,7,9,5,1,-42222,4.129567860054851,0,46129.01,0.0,4612.9,50741.91,0.0,0.0,LOW
ATM_0020,2022-10-18,Tuesday,Night,38949,14260,Supermarket,0,0,76555,Cloudy,3,29398,10,18,1,0,-24689,2.7311548979734943,0,28522.07,0.0,4278.31,32800.38,0.0,0.0,LOW
ATM_0028,2023-02-18,Saturday,Afternoon,47427,16081,Standalone,0,0,88184,Rainy,5,28889,2,18,5,1,-31346,2.949073498321104,0,34667.86,0.0,5200.18,39868.04,0.0,0.0,LOW
ATM_0001,2023-07-11,Tuesday,Afternoon,45861,9091,Standalone,0,0,88483,Clear,1,33737,7,11,1,0,-36770,5.044104707435108,0,38308.75,0.0,5746.31,44055.06,0.0,0.0,LOW
ATM_0019,2022-07-10,Sunday,Night,44572,14282,Gas Station,0,0,96350,Snowy,1,25064,7,10,6,1,-30290,3.1206329202548484,0,33723.15,0.0,3372.32,37095.47,0.0,0.0,LOW
ATM_0047,2023-02-27,Monday,Evening,53021,10818,Standalone,0,0,101094,Snowy,3,51368,2,27,0,0,-42203,4.900730196875867,0,44249.16,0.0,6637.37,50886.53,0.0,0.0,LOW
ATM_0042,2023-07-27,Thursday,Afternoon,51392,13803,Bank Branch,0,0,100367,Cloudy,3,41698,7,27,3,0,-37589,3.722978846711098,0,40161.94,0.0,4016.19,44178.13,0.0,0.0,LOW
ATM_0006,2022-11-10,Thursday,Evening,56457,8208,Gas Station,0,0,97397,Rainy,4,51572,11,10,3,0,-48249,6.87745157753685,0,50612.47,0.0,5061.25,55673.72,0.0,0.0,LOW
ATM_0040,2023-12-22,Friday,Evening,43834,11154,Bank Branch,0,0,103212,Snowy,2,29868,12,22,4,0,-32680,3.9295383236216943,0,35176.7,0.0,3517.67,38694.37,0.0,0.0,LOW
ATM_0010,2023-10-04,Wednesday,Night,22869,12756,Supermarket,0,0,124155,Cloudy,2,16753,10,4,2,0,-10113,1.792662851767657,0,14297.5,0.0,2144.63,16442.13,0.0,0.0,LOW
ATM_0050,2023-08-27,Sunday,Night,50852,10832,Gas Station,0,0,112512,Clear,0,38455,8,27,6,1,-40020,4.694175205390935,0,41432.1,0.0,4143.21,45575.31,0.0,0.0,LOW
ATM_0043,2023-07-05,Wednesday,Afternoon,38655,22936,Bank Branch,0,0,126637,Rainy,1,18382,7,5,2,0,-15719,1.6852683437241138,0,19315.47,0.0,1931.55,21247.02,0.0,0.0,LOW
ATM_0043,2023-10-28,Saturday,Afternoon,48681,10911,Standalone,0,0,121312,Cloudy,1,34997,10,28,5,1,-37770,4.4612353372434015,0,40376.1,0.0,6056.42,46432.52,0.0,0.0,LOW
ATM_0012,2022-02-23,Wednesday,Afternoon,32469,12181,Gas Station,0,0,97849,Cloudy,5,21947,2,23,2,0,-20288,2.6653258906583486,0,23575.97,0.0,2357.6,25933.57,0.0,0.0,LOW
ATM_0033,2023-02-28,Tuesday,Night,24843,3258,Standalone,0,0,104055,Snowy,3,22043,2,28,1,0,-21585,7.622890457195458,0,23352.79,0.0,3502.92,26855.71,0.0,0.0,LOW
ATM_0033,2022-09-08,Thursday,Morning,47566,19144,Standalone,0,0,102916,Snowy,4,25809,9,8,3,0,-28422,2.484512927657352,0,31655.47,0.0,4748.32,36403.79,0.0,0.0,LOW
ATM_0033,2023-01-30,Monday,Morning,20878,1952,Mall,0,0,118189,Snowy,0,20822,1,30,0,0,-18926,10.690220174091142,0,20401.88,0.0,3060.28,23462.16,0.0,0.0,LOW
ATM_0048,2022-05-15,Sunday,Night,40043,8071,Gas Station,0,0,108351,Snowy,5,42162,5,15,6,1,-31972,4.960728444003965,0,34398.62,0.0,3439.86,37838.48,0.0,0.0,LOW
ATM_0017,2023-09-09,Saturday,Evening,39472,10967,Bank Branch,0,1,122101,Rainy,1,35668,9,9,5,1,-28505,3.598832968636032,1,37855.87,0.0,3785.59,41641.46,0.0,0.0,LOW
ATM_0030,2022-02-07,Monday,Evening,41483,13672,Gas Station,0,0,102575,Cloudy,2,39552,2,7,0,0,-27811,3.0339354933079794,0,31126.62,0.0,3112.66,34239.28,0.0,0.0,LOW
ATM_0013,2022-09-15,Thursday,Evening,68203,11180,Bank Branch,0,0,109570,Snowy,1,61065,9,15,3,0,-57023,6.099901618817637,0,60175.91,0.0,6017.59,66193.5,0.0,0.0,LOW
ATM_0006,2023-12-03,Sunday,Night,44472,10388,Gas Station,0,0,97546,Clear,2,31729,12,3,6,1,-34084,4.28068149003754,0,36324.69,0.0,3632.47,39957.16,0.0,0.0,LOW
ATM_0009,2022-02-21,Monday,Afternoon,23256,10361,Standalone,0,0,123800,Clear,4,19621,2,21,0,0,-12895,2.2443543717429066,0,16031.37,0.0,2404.71,18436.08,0.0,0.0,LOW
ATM_0015,2022-11-21,Monday,Evening,65170,13614,Mall,0,0,116204,Snowy,1,54912,11,21,0,0,-51556,4.786632390745501,0,55167.23,0.0,8275.08,63442.31,0.0,0.0,LOW
ATM_0032,2023-11-19,Sunday,Morning,38184,8538,Standalone,0,0,96683,Rainy,4,32487,11,19,6,1,-29646,4.47171799976578,0,32239.49,0.0,4835.92,37075.41,0.0,0.0,LOW
ATM_0007,2022-01-02,Sunday,Night,50838,8113,Mall,0,1,99582,Clear,5,44598,1,2,6,1,-42725,6.265467093911758,1,52847.19,0.0,7927.08,60774.27,0.0,0.0,LOW
ATM_0032,2022-02-14,Monday,Morning,65529,20261,Standalone,0,0,113567,Clear,4,62659,2,14,0,0,-45268,3.2340835060704767,0,49174.62,0.0,7376.19,56550.81,0.0,0.0,LOW
ATM_0018,2022-12-24,Saturday,Night,31483,12416,Standalone,1,0,119746,Cloudy,2,22075,12,24,5,1,-19067,2.535475557703149,1,26632.98,0.0,5326.6,31959.58,0.0,0.0,LOW
ATM_0001,2023-10-05,Thursday,Night,45827,4766,Gas Station,0,0,106322,Snowy,0,41215,10,5,3,0,-41061,9.613383679462975,0,42765.53,0.0,4276.55,47042.08,0.0,0.0,LOW
ATM_0015,2022-02-11,Friday,Night,67910,11907,Mall,0,0,124822,Rainy,1,65036,2,11,4,0,-56003,5.7028888142425265,0,58294.66,0.0,8744.2,67038.86,0.0,0.0,LOW
ATM_0007,2023-02-16,Thursday,Night,58455,13067,Standalone,0,0,92289,Rainy,3,53631,2,16,3,0,-45388,4.473140495867769,0,48412.33,0.0,7261.85,55674.18,0.0,0.0,LOW
ATM_0019,2022-09-09,Friday,Morning,26634,2555,Supermarket,0,0,99585,Snowy,1,27046,9,9,4,0,-24079,10.42018779342723,0,26436.45,0.0,3965.47,30401.92,0.0,0.0,LOW
ATM_0012,2022-08-15,Monday,Afternoon,37206,8354,Gas Station,0,0,77054,Cloudy,2,38113,8,15,0,0,-28852,4.45314183123878,0,32369.94,0.0,3236.99,35606.93,0.0,0.0,LOW
ATM_0022,2023-06-07,Wednesday,Morning,37607,12127,Gas Station,0,0,72772,Snowy,3,35522,6,7,2,0,-25480,3.100841029023747,0,28024.2,0.0,2802.42,30826.62,0.0,0.0,LOW
ATM_0021,2022-12-06,Tuesday,Evening,33317,14336,Bank Branch,0,0,132247,Rainy,0,14630,12,6,1,0,-18981,2.3238473878775197,0,20882.46,0.0,2088.25,22970.71,0.0,0.0,LOW
ATM_0047,2022-11-18,Friday,Morning,31193,16161,Mall,0,0,70752,Snowy,5,9022,11,18,4,0,-15032,1.9300210370003712,0,18574.04,0.0,2786.11,21360.15,0.0,0.0,LOW
ATM_0030,2023-12-06,Wednesday,Afternoon,40737,10257,Bank Branch,0,1,95961,Snowy,1,39960,12,6,2,0,-30480,3.971241957496588,1,39251.61,0.0,3925.16,43176.77,0.0,0.0,LOW
ATM_0031,2022-02-27,Sunday,Night,56364,513,Supermarket,0,0,109871,Rainy,0,56596,2,27,6,1,-55851,109.65758754863813,0,57453.49,0.0,8618.02,66071.51,0.0,0.0,LOW
ATM_0046,2023-06-25,Sunday,Afternoon,63569,7653,Mall,0,0,124321,Rainy,3,50455,6,25,6,1,-55916,8.305330546119675,0,58126.51,0.0,8718.98,66845.49,0.0,0.0,LOW
ATM_0044,2022-09-29,Thursday,Night,38795,15155,Supermarket,0,0,117519,Snowy,5,20242,9,29,3,0,-23640,2.559712325151755,0,25212.53,0.0,3781.88,28994.41,0.0,0.0,LOW
ATM_0008,2023-08-11,Friday,Morning,28969,8046,Bank Branch,0,0,122206,Snowy,0,27348,8,11,4,0,-20923,3.599975146017149,0,23347.62,0.0,2334.76,25682.38,0.0,0.0,LOW
ATM_0016,2022-08-18,Thursday,Night,23512,9220,Bank Branch,0,0,149032,Clear,2,17930,8,18,3,0,-14292,2.5498319054332503,0,15872.33,0.0,1587.23,17459.56,0.0,0.0,LOW
ATM_0031,2023-12-27,Wednesday,Evening,26045,9069,Standalone,0,0,126238,Clear,0,16786,12,27,2,0,-16976,2.8715545755237044,0,19456.97,0.0,2918.55,22375.52,0.0,0.0,LOW
ATM_0037,2023-07-08,Saturday,Evening,61236,9256,Mall,0,0,97073,Snowy,1,53936,7,8,5,1,-51980,6.615102084908718,0,55292.37,0.0,8293.86,63586.23,0.0,0.0,LOW
ATM_0029,2023-04-05,Wednesday,Morning,53651,15525,Bank Branch,0,0,87596,Cloudy,0,46937,4,5,2,0,-38126,3.455558418137318,0,42278.13,0.0,4227.81,46505.94,0.0,0.0,LOW
ATM_0048,2022-10-04,Tuesday,Night,47152,13918,Mall,0,0,112592,Rainy,2,39981,10,4,1,0,-33234,3.3875996838853366,0,36439.14,0.0,5465.87,41905.01,0.0,0.0,LOW
ATM_0046,2023-12-18,Monday,Afternoon,39840,15055,Supermarket,0,0,96773,Rainy,1,36809,12,18,0,0,-24785,2.6461211477151965,0,28319.64,0.0,4247.95,32567.59,0.0,0.0,LOW
ATM_0041,2023-08-02,Wednesday,Night,27207,11220,Mall,0,0,89764,Snowy,3,16453,8,2,2,0,-15987,2.4246502094287496,0,18524.38,0.0,2778.66,21303.04,0.0,0.0,LOW
ATM_0034,2022-04-22,Friday,Night,44078,5721,Gas Station,0,0,119401,Snowy,0,42047,4,22,4,0,-38357,7.70325061167424,0,40731.03,0.0,4073.1,44804.13,0.0,0.0,LOW
ATM_0023,2023-09-11,Monday,Morning,36482,14728,Gas Station,0,1,121787,Rainy,5,32449,9,11,0,0,-21754,2.4768823409600107,1,32315.05,0.0,3231.51,35546.56,0.0,0.0,LOW
ATM_0050,2023-07-31,Monday,Afternoon,34270,4655,Mall,0,0,83086,Clear,0,36345,7,31,0,0,-29615,7.3603951890034365,0,30969.1,0.0,4645.37,35614.47,0.0,0.0,LOW
ATM_0050,2023-07-16,Sunday,Afternoon,45083,7325,Bank Branch,0,0,123695,Clear,3,35355,7,16,6,1,-37758,6.153835653835654,0,39375.98,0.0,3937.6,43313.58,0.0,0.0,LOW
ATM_0039,2024-01-01,Monday,Evening,60128,4974,Standalone,1,0,109098,Snowy,5,69174,1,1,0,0,-55154,12.08603015075377,1,64894.22,0.0,12978.84,77873.06,0.0,0.0,LOW
ATM_0046,2023-10-07,Saturday,Evening,57233,10928,Standalone,0,0,99212,Snowy,4,59669,10,7,5,1,-46305,5.236801171195901,0,49092.97,0.0,7363.95,56456.92,0.0,0.0,LOW
ATM_0001,2023-08-14,Monday,Evening,47716,14768,Gas Station,0,0,112401,Clear,3,38145,8,14,0,0,-32948,3.230821314916379,0,36314.91,0.0,3631.49,39946.4,0.0,0.0,LOW
ATM_0035,2023-10-26,Thursday,Evening,45329,9978,Gas Station,0,0,99940,Rainy,3,43700,10,26,3,0,-35351,4.542439122156528,0,36907.84,0.0,3690.78,40598.62,0.0,0.0,LOW
ATM_0008,2022-01-28,Friday,Afternoon,29811,16535,Gas Station,0,0,95657,Clear,4,15449,1,28,4,0,-13276,1.8027939042089987,0,16452.41,0.0,1645.24,18097.65,0.0,0.0,LOW
ATM_0006,2022-10-12,Wednesday,Night,42227,14969,Bank Branch,0,0,123820,Rainy,0,31918,10,12,2,0,-27258,2.8207748830995323,0,30453.1,0.0,3045.31,33498.41,0.0,0.0,LOW
ATM_0028,2022-01-29,Saturday,Night,47850,5735,Gas Station,0,0,122163,Snowy,4,38498,1,29,5,1,-42115,8.342050209205022,0,44562.19,0.0,4456.22,49018.41,0.0,0.0,LOW
ATM_0023,2022-05-04,Wednesday,Afternoon,73299,10267,Standalone,0,0,118601,Cloudy,2,74561,5,4,2,0,-63032,7.138585897935333,0,66711.69,0.0,10006.75,76718.44,0.0,0.0,LOW
ATM_0047,2023-06-28,Wednesday,Afternoon,20017,9058,Standalone,0,0,132895,Cloudy,2,11750,6,28,2,0,-10959,2.2096257865106526,0,14657.35,0.0,2198.6,16855.95,0.0,0.0,LOW
ATM_0031,2022-07-13,Wednesday,Evening,57698,9667,Supermarket,0,0,110163,Rainy,5,54495,7,13,2,0,-48031,5.96793545717832,0,50537.57,0.0,7580.64,58118.21,0.0,0.0,LOW
ATM_0008,2023-05-17,Wednesday,Night,52136,4670,Standalone,0,0,105472,Snowy,3,49622,5,17,2,0,-47466,11.16163562406337,0,49593.47,0.0,7439.02,57032.49,0.0,0.0,LOW
ATM_0036,2022-11-11,Friday,Afternoon,50142,4138,Supermarket,0,0,98919,Cloudy,4,46852,11,11,4,0,-46004,12.114520415559314,0,48723.54,0.0,7308.53,56032.07,0.0,0.0,LOW
ATM_0038,2023-08-28,Monday,Night,43379,9328,Mall,0,0,88813,Rainy,0,43334,8,28,0,0,-34051,4.649908886268625,0,36037.75,0.0,5405.66,41443.41,0.0,0.0,LOW
ATM_0006,2023-09-19,Tuesday,Afternoon,27384,16307,Mall,0,0,148786,Snowy,3,12935,9,19,1,0,-11077,1.6791758646063282,0,15662.86,0.0,2349.43,18012.29,0.0,0.0,LOW
ATM_0041,2023-08-15,Tuesday,Morning,43873,9886,Bank Branch,0,0,98288,Cloudy,0,35433,8,15,1,0,-33987,4.437443107110347,0,36369.18,0.0,3636.92,40006.1,0.0,0.0,LOW
ATM_0037,2022-04-02,Saturday,Night,51042,6432,Supermarket,0,0,132876,Rainy,2,52212,4,2,5,1,-44610,7.93440074615265,0,45745.82,0.0,6861.87,52607.69,0.0,0.0,LOW
ATM_0016,2023-11-26,Sunday,Morning,65519,12432,Bank Branch,0,0,103835,Rainy,4,53384,11,26,6,1,-53087,5.269765945467707,0,56254.7,0.0,5625.47,61880.17,0.0,0.0,LOW
ATM_0012,2023-03-10,Friday,Afternoon,25542,14037,Mall,0,0,58467,Snowy,4,10609,3,10,4,0,-11505,1.8194899558341644,0,15774.54,0.0,2366.18,18140.72,0.0,0.0,LOW
ATM_0032,2022-09-17,Saturday,Night,46648,11267,Supermarket,0,0,105386,Rainy,4,35895,9,17,5,1,-35381,4.139865104721335,0,37848.01,0.0,5677.2,43525.21,0.0,0.0,LOW
ATM_0011,2023-02-17,Friday,Afternoon,39313,7747,Standalone,0,0,103073,Clear,3,30398,2,17,4,0,-31566,5.073954568921012,0,33892.3,0.0,5083.85,38976.15,0.0,0.0,LOW
ATM_0029,2023-10-23,Monday,Night,52295,9733,Supermarket,0,0,108549,Clear,1,54670,10,23,0,0,-42562,5.372405999589069,0,45407.22,0.0,6811.08,52218.3,0.0,0.0,LOW
ATM_0037,2023-10-29,Sunday,Evening,70902,10687,Gas Station,0,0,115637,Clear,2,58969,10,29,6,1,-60215,6.633794910179641,0,63734.01,0.0,6373.4,70107.41,0.0,0.0,LOW
ATM_0020,2022-07-28,Thursday,Morning,54135,12169,Bank Branch,0,0,105104,Rainy,2,37640,7,28,3,0,-41966,4.44823336072309,0,44538.59,0.0,4453.86,48992.45,0.0,0.0,LOW
ATM_0042,2022-11-23,Wednesday,Afternoon,54414,18815,Standalone,0,0,109550,Clear,0,39845,11,23,2,0,-35599,2.891900510204082,0,39295.02,0.0,5894.25,45189.27,0.0,0.0,LOW
ATM_0011,2022-02-21,Monday,Evening,28873,4095,Supermarket,0,0,127704,Rainy,3,20386,2,21,0,0,-24778,7.049072265625,0,27216.78,0.0,4082.52,31299.3,0.0,0.0,LOW
ATM_0038,2023-12-20,Wednesday,Evening,28348,9284,Gas Station,0,0,65253,Cloudy,1,20282,12,20,2,0,-19064,3.0530963920301564,0,21279.92,0.0,2127.99,23407.91,0.0,0.0,LOW
ATM_0040,2022-09-20,Tuesday,Afternoon,44458,20322,Bank Branch,0,0,113276,Cloudy,4,37952,9,20,1,0,-24136,2.187570732667421,0,28855.73,0.0,2885.57,31741.3,0.0,0.0,LOW
ATM_0025,2023-04-17,Monday,Morning,42176,5996,Supermarket,0,0,134082,Snowy,0,28261,4,17,0,0,-36180,7.032849758212439,0,37462.32,0.0,5619.35,43081.67,0.0,0.0,LOW
ATM_0026,2023-08-10,Thursday,Evening,32865,8229,Bank Branch,0,0,106120,Snowy,2,30624,8,10,3,0,-24636,3.9933171324422845,0,27415.94,0.0,2741.59,30157.53,0.0,0.0,LOW
ATM_0007,2022-03-03,Thursday,Morning,45401,13319,Mall,0,0,111719,Cloudy,5,28609,3,3,3,0,-32082,3.4084834834834834,0,34984.77,0.0,5247.72,40232.49,0.0,0.0,LOW
ATM_0038,2023-05-01,Monday,Evening,46354,18553,Supermarket,0,0,86693,Snowy,4,33603,5,1,0,0,-27801,2.4983292012504044,0,31386.73,0.0,4708.01,36094.74,0.0,0.0,LOW
ATM_0034,2022-11-11,Friday,Morning,64516,10854,Mall,0,0,100245,Cloudy,0,45174,11,11,4,0,-53662,5.9434362045140485,0,55872.49,0.0,8380.87,64253.36,0.0,0.0,LOW
ATM_0013,2022-11-03,Thursday,Night,43532,9987,Standalone,0,0,109816,Clear,3,28891,11,3,3,0,-33545,4.358430116139367,0,35731.19,0.0,5359.68,41090.87,0.0,0.0,LOW
ATM_0019,2023-03-03,Friday,Afternoon,60890,4615,Mall,0,1,108749,Clear,1,59002,3,3,4,0,-56275,13.19107452339688,1,65749.68,0.0,9862.45,75612.13,0.0,0.0,LOW
ATM_0016,2023-11-14,Tuesday,Evening,48488,9783,Bank Branch,0,0,89631,Cloudy,0,39725,11,14,1,0,-38705,4.9558462796402285,0,41054.24,0.0,4105.42,45159.66,0.0,0.0,LOW
ATM_0004,2022-09-13,Tuesday,Morning,28914,14440,Mall,0,0,88858,Snowy,0,12106,9,13,1,0,-14474,2.0022159130254136,0,16752.98,0.0,2512.95,19265.93,0.0,0.0,LOW
ATM_0012,2022-01-01,Saturday,Afternoon,45965,19170,Bank Branch,1,0,135797,Clear,3,29921,1,1,5,1,-26795,2.3976318397579677,1,36575.35,0.0,5486.3,42061.65,0.0,0.0,LOW
ATM_0022,2023-02-13,Monday,Morning,54558,11584,Gas Station,0,0,99202,Snowy,3,35541,2,13,0,0,-42974,4.709365558912387,0,44961.13,0.0,4496.11,49457.24,0.0,0.0,LOW
ATM_0028,2023-12-15,Friday,Evening,38877,18089,Supermarket,0,0,116299,Clear,5,27748,12,15,4,0,-20788,2.149087893864013,0,23428.75,0.0,3514.31,26943.06,0.0,0.0,LOW
ATM_0024,2023-04-30,Sunday,Afternoon,44427,12138,Supermarket,0,0,95284,Snowy,1,41633,4,30,6,1,-32289,3.659856660350935,0,34505.03,0.0,5175.75,39680.78,0.0,0.0,LOW
ATM_0048,2022-11-08,Tuesday,Afternoon,45135,10377,Bank Branch,0,0,120427,Clear,5,44275,11,8,1,0,-34758,4.349103873578724,0,37447.3,0.0,3744.73,41192.03,0.0,0.0,LOW
ATM_0044,2022-04-16,Saturday,Evening,63668,4360,Bank Branch,0,0,109008,Snowy,4,71391,4,16,5,1,-59308,14.599403806466407,0,59787.36,0.0,5978.74,65766.1,0.0,0.0,LOW
ATM_0008,2022-10-25,Tuesday,Morning,45538,20420,Standalone,0,0,81974,Clear,1,36397,10,25,1,0,-25118,2.229959355565349,0,28342.72,0.0,4251.41,32594.13,0.0,0.0,LOW
ATM_0033,2023-01-06,Friday,Night,64573,12878,Supermarket,0,0,101099,Clear,2,61123,1,6,4,0,-51695,5.013820948831431,0,54435.68,0.0,8165.35,62601.03,0.0,0.0,LOW
ATM_0011,2023-02-27,Monday,Evening,54005,18949,Bank Branch,0,0,82553,Clear,1,29435,2,27,0,0,-35056,2.849868073878628,0,39550.38,0.0,3955.04,43505.42,0.0,0.0,LOW
ATM_0046,2022-02-01,Tuesday,Morning,41661,9499,Gas Station,0,0,121407,Clear,1,26106,2,1,1,0,-32162,4.385368421052632,0,34516.85,0.0,3451.68,37968.53,0.0,0.0,LOW
ATM_0004,2023-09-27,Wednesday,Evening,7696,7010,Standalone,0,0,65152,Cloudy,3,2152,9,27,2,0,-686,1.0977036086150336,0,5168.85,0.0,775.33,5944.18,0.0,0.0,LOW
ATM_0024,2023-10-02,Monday,Evening,32062,14757,Supermarket,0,0,98389,Rainy,3,18077,10,2,0,0,-17305,2.1725166011654697,0,20510.84,0.0,3076.63,23587.47,0.0,0.0,LOW
ATM_0021,2023-09-14,Thursday,Morning,57577,3184,Gas Station,0,0,101996,Snowy,5,50544,9,14,3,0,-54393,18.077551020408162,0,55632.52,0.0,5563.25,61195.77,0.0,0.0,LOW
ATM_0008,2023-07-28,Friday,Morning,73029,19873,Mall,0,0,103420,Clear,4,50677,7,28,4,0,-53156,3.674599979873201,0,57102.06,0.0,8565.31,65667.37,0.0,0.0,LOW
ATM_0021,2022-05-21,Saturday,Afternoon,69569,16383,Mall,0,0,128986,Rainy,1,53658,5,21,5,1,-53186,4.24615478515625,0,56664.13,0.0,8499.62,65163.75,0.0,0.0,LOW
ATM_0019,2022-07-07,Thursday,Evening,49507,5584,Mall,0,0,122483,Rainy,5,42776,7,7,3,0,-43923,8.864279319606087,0,45784.17,0.0,6867.63,52651.8,0.0,0.0,LOW
ATM_0048,2022-09-15,Thursday,Night,34408,10199,Bank Branch,0,1,119122,Cloudy,0,27119,9,15,3,0,-24209,3.3733333333333335,1,33827.42,0.0,3382.74,37210.16,0.0,0.0,LOW
ATM_0041,2022-09-06,Tuesday,Afternoon,32992,13504,Mall,0,1,84042,Snowy,1,38249,9,6,1,0,-19488,2.4429470566456866,1,31024.22,0.0,4653.63,35677.85,0.0,0.0,LOW
ATM_0029,2023-10-28,Saturday,Evening,50386,7645,Bank Branch,0,0,105882,Clear,0,36528,10,28,5,1,-42741,6.589850902432644,0,45712.12,0.0,4571.21,50283.33,0.0,0.0,LOW
ATM_0044,2023-09-05,Tuesday,Night,59445,9547,Bank Branch,0,0,102102,Cloudy,1,57446,9,5,1,0,-49898,6.225911185588605,0,52557.04,0.0,5255.7,57812.74,0.0,0.0,LOW
ATM_0049,2023-12-28,Thursday,Afternoon,42088,2082,Supermarket,0,0,88723,Rainy,1,46759,12,28,3,0,-40006,20.205472875660107,0,40468.17,0.0,6070.23,46538.4,0.0,0.0,LOW
ATM_0042,2022-07-16,Saturday,Afternoon,46737,9410,Gas Station,0,0,89176,Cloudy,4,32485,7,16,5,1,-37327,4.9662097545425565,0,39200.9,0.0,3920.09,43120.99,0.0,0.0,LOW
ATM_0016,2022-03-14,Monday,Morning,71041,13437,Gas Station,0,0,113028,Rainy,5,57376,3,14,0,0,-57604,5.286575383241554,0,61185.55,0.0,6118.56,67304.11,0.0,0.0,LOW
ATM_0006,2023-10-29,Sunday,Afternoon,26074,344,Standalone,0,0,117799,Cloudy,5,26673,10,29,6,1,-25730,75.5768115942029,0,27682.58,0.0,4152.39,31834.97,0.0,0.0,LOW
ATM_0004,2022-12-21,Wednesday,Morning,34311,10586,Gas Station,0,1,126456,Clear,3,31131,12,21,2,0,-23725,3.240861433833947,1,31855.81,0.0,3185.58,35041.39,0.0,0.0,LOW
ATM_0031,2023-01-19,Thursday,Morning,46195,15663,Supermarket,0,0,99614,Snowy,4,40453,1,19,3,0,-30532,2.9491189989785496,0,33338.78,0.0,5000.82,38339.6,0.0,0.0,LOW
ATM_0019,2023-11-06,Monday,Night,52295,10841,Bank Branch,0,0,95658,Cloudy,3,49666,11,6,0,0,-41454,4.823372071573511,0,44834.85,0.0,4483.48,49318.33,0.0,0.0,LOW
ATM_0033,2023-03-03,Friday,Night,74335,12820,Bank Branch,0,0,107023,Rainy,4,76623,3,3,4,0,-61515,5.797909679432181,0,65042.23,0.0,6504.22,71546.45,0.0,0.0,LOW
ATM_0018,2023-01-03,Tuesday,Evening,56337,15285,Bank Branch,0,0,106079,Snowy,4,51158,1,3,1,0,-41052,3.6855292424440664,0,44703.19,0.0,4470.32,49173.51,0.0,0.0,LOW
ATM_0003,2022-12-02,Friday,Morning,54962,2680,Standalone,0,0,124122,Cloudy,1,51307,12,2,4,0,-52282,20.500559492726595,0,54583.91,0.0,8187.59,62771.5,0.0,0.0,LOW
ATM_0039,2023-02-25,Saturday,Night,42648,13339,Standalone,0,0,87700,Rainy,3,40270,2,25,5,1,-29309,3.197001499250375,0,32580.45,0.0,4887.07,37467.52,0.0,0.0,LOW
ATM_0002,2022-09-15,Thursday,Morning,42254,9232,Gas Station,0,0,123014,Rainy,1,46059,9,15,3,0,-33022,4.57641070074732,0,34997.89,0.0,3499.79,38497.68,0.0,0.0,LOW
ATM_0016,2022-09-25,Sunday,Afternoon,45056,6753,Gas Station,0,0,108415,Cloudy,4,42562,9,25,6,1,-38303,6.671009771986971,0,40962.11,0.0,4096.21,45058.32,0.0,0.0,LOW
ATM_0030,2022-02-10,Thursday,Afternoon,48851,6865,Bank Branch,0,0,118551,Clear,1,38588,2,10,3,0,-41986,7.114914069327119,0,44068.61,0.0,4406.86,48475.47,0.0,0.0,LOW
ATM_0034,2022-03-24,Thursday,Night,34964,8492,Mall,0,0,82687,Rainy,2,34514,3,24,3,0,-26472,4.116802072294831,0,29710.48,0.0,4456.57,34167.05,0.0,0.0,LOW
ATM_0011,2023-03-28,Tuesday,Evening,37623,18631,Supermarket,0,0,74255,Cloudy,1,25373,3,28,1,0,-18992,2.0192679261485615,0,21859.8,0.0,3278.97,25138.77,0.0,0.0,LOW
ATM_0002,2022-09-07,Wednesday,Night,59225,10240,Standalone,0,0,97836,Snowy,5,47139,9,7,2,0,-48985,5.783126647788302,0,52079.16,0.0,7811.87,59891.03,0.0,0.0,LOW
ATM_0006,2023-11-25,Saturday,Morning,22336,10578,Mall,0,0,85028,Rainy,2,14913,11,25,5,1,-11758,2.1113526798374136,0,14990.66,0.0,2248.6,17239.26,0.0,0.0,LOW
ATM_0009,2023-06-15,Thursday,Evening,34187,8372,Gas Station,0,0,124931,Cloudy,4,29129,6,15,3,0,-25815,4.083004896691747,0,28944.4,0.0,2894.44,31838.84,0.0,0.0,LOW
ATM_0029,2023-10-19,Thursday,Afternoon,53383,12326,Bank Branch,0,0,110113,Snowy,4,39693,10,19,3,0,-41057,4.330575160217409,0,44347.89,0.0,4434.79,48782.68,0.0,0.0,LOW
ATM_0020,2022-05-13,Friday,Morning,35463,4777,Mall,0,0,109796,Clear,0,37109,5,13,4,0,-30686,7.422143156132273,0,32401.43,0.0,4860.21,37261.64,0.0,0.0,LOW
ATM_0030,2022-05-14,Saturday,Morning,43515,10275,Gas Station,0,0,98429,Clear,5,37611,5,14,5,1,-33240,4.234624367458155,0,35480.27,0.0,3548.03,39028.3,0.0,0.0,LOW
ATM_0028,2023-05-03,Wednesday,Night,60072,6606,Standalone,0,0,112231,Rainy,4,62143,5,3,2,0,-53466,9.09217496594521,0,55344.88,0.0,8301.73,63646.61,0.0,0.0,LOW
ATM_0031,2023-04-21,Friday,Morning,35847,12405,Bank Branch,0,0,99474,Clear,4,27024,4,21,4,0,-23442,2.8894889569563116,0,25305.82,0.0,2530.58,27836.4,0.0,0.0,LOW
ATM_0037,2022-08-17,Wednesday,Night,82734,11013,Bank Branch,0,0,146008,Cloudy,1,71571,8,17,2,0,-71721,7.511712366079535,0,75051.63,0.0,7505.16,82556.79,0.0,0.0,LOW
ATM_0003,2022-10-09,Sunday,Evening,28341,9998,Mall,0,0,112624,Snowy,2,16750,10,9,6,1,-18343,2.8343834383438344,0,21036.45,0.0,3155.47,24191.92,0.0,0.0,LOW
ATM_0048,2023-04-13,Thursday,Afternoon,43500,4318,Standalone,0,0,131394,Clear,3,46689,4,13,3,0,-39182,10.071775874044917,0,40298.73,0.0,6044.81,46343.54,0.0,0.0,LOW
ATM_0038,2023-11-05,Sunday,Night,65670,5160,Standalone,0,0,124322,Clear,1,66430,11,5,6,1,-60510,12.724278240651037,0,62592.36,0.0,9388.85,71981.21,0.0,0.0,LOW
ATM_0041,2023-10-11,Wednesday,Morning,57551,4885,Standalone,0,0,132129,Snowy,4,52009,10,11,2,0,-52666,11.778755628325829,0,54577.19,0.0,8186.58,62763.77,0.0,0.0,LOW
ATM_0004,2023-12-05,Tuesday,Evening,57502,14265,Standalone,0,0,101129,Snowy,5,49357,12,5,1,0,-43237,4.0307023692695925,0,47484.02,0.0,7122.6,54606.62,0.0,0.0,LOW
ATM_0049,2023-06-13,Tuesday,Night,40502,11329,Gas Station,0,0,88090,Rainy,5,27317,6,13,1,0,-29173,3.574757281553398,0,32165.11,0.0,3216.51,35381.62,0.0,0.0,LOW
ATM_0046,2022-05-19,Thursday,Morning,41218,17437,Mall,0,0,113718,Cloudy,1,30999,5,19,3,0,-23781,2.3636884963872005,0,26983.67,0.0,4047.55,31031.22,0.0,0.0,LOW
ATM_0044,2023-11-14,Tuesday,Morning,57374,5155,Standalone,0,0,105130,Snowy,3,47511,11,14,1,0,-52219,11.127618308766486,0,53641.72,0.0,8046.26,61687.98,0.0,0.0,LOW
ATM_0049,2022-03-11,Friday,Morning,58032,10432,Bank Branch,0,0,92795,Clear,5,51654,3,11,4,0,-47600,5.562350234831784,0,49786.25,0.0,4978.62,54764.87,0.0,0.0,LOW
ATM_0029,2023-01-11,Wednesday,Night,40388,12129,Supermarket,0,0,125342,Snowy,0,33557,1,11,2,0,-28259,3.32959604286892,0,31118.86,0.0,4667.83,35786.69,0.0,0.0,LOW
ATM_0002,2023-12-12,Tuesday,Evening,29092,10178,Supermarket,0,0,98956,Cloudy,0,19123,12,12,1,0,-18914,2.8580410649376167,0,21727.1,0.0,3259.07,24986.17,0.0,0.0,LOW
ATM_0034,2023-03-05,Sunday,Evening,55763,15669,Standalone,0,0,90380,Cloudy,1,44752,3,5,6,1,-40094,3.558583280153159,0,43830.97,0.0,6574.65,50405.62,0.0,0.0,LOW
ATM_0050,2022-10-27,Thursday,Evening,86575,13112,Gas Station,0,0,140159,Snowy,4,64166,10,27,3,0,-73463,6.60222679783421,0,79593.52,0.0,7959.35,87552.87,0.0,0.0,LOW
ATM_0036,2023-03-01,Wednesday,Night,42110,4985,Mall,0,0,102436,Clear,0,30693,3,1,2,0,-37125,8.44564781387886,0,38153.99,0.0,5723.1,43877.09,0.0,0.0,LOW
ATM_0033,2023-04-20,Thursday,Night,54497,11004,Mall,0,0,99751,Rainy,2,51237,4,20,3,0,-43493,4.952021808268968,0,46281.5,0.0,6942.23,53223.73,0.0,0.0,LOW
ATM_0030,2022-02-18,Friday,Evening,59300,14612,Standalone,0,0,103815,Clear,3,50025,2,18,4,0,-44688,4.0580305207691785,0,48446.93,0.0,7267.04,55713.97,0.0,0.0,LOW
ATM_0016,2022-05-18,Wednesday,Evening,25766,7340,Gas Station,0,0,87664,Cloudy,5,19801,5,18,2,0,-18426,3.5098760386868273,0,20630.78,0.0,2063.08,22693.86,0.0,0.0,LOW
ATM_0017,2023-09-08,Friday,Morning,53684,12752,Bank Branch,0,0,113537,Clear,2,45112,9,8,4,0,-40932,4.209519328785384,0,43589.77,0.0,4358.98,47948.75,0.0,0.0,LOW
ATM_0008,2022-04-18,Monday,Afternoon,49526,8594,Mall,0,0,106171,Cloudy,2,39925,4,18,0,0,-40932,5.762187318208261,0,42701.32,0.0,6405.2,49106.52,0.0,0.0,LOW
ATM_0016,2022-05-20,Friday,Afternoon,39130,10904,Mall,0,0,106250,Snowy,5,34736,5,20,4,0,-28226,3.5882622650160476,0,31030.62,0.0,4654.59,35685.21,0.0,0.0,LOW
ATM_0025,2023-01-16,Monday,Morning,66552,14335,Supermarket,0,0,101938,Rainy,3,61792,1,16,0,0,-52217,4.642299107142857,0,54903.6,0.0,8235.54,63139.14,0.0,0.0,LOW
ATM_0025,2023-12-01,Friday,Night,37711,15869,Standalone,1,0,131694,Snowy,1,37240,12,1,4,0,-21842,2.376244486452426,1,30703.93,0.0,6140.79,36844.72,0.0,0.0,LOW
ATM_0016,2023-02-16,Thursday,Afternoon,70475,18419,Mall,0,0,96328,Snowy,1,49182,2,16,3,0,-52056,3.8260043431053203,0,55399.41,0.0,8309.91,63709.32,0.0,0.0,LOW
ATM_0012,2022-03-19,Saturday,Evening,55526,2240,Standalone,0,0,100976,Cloudy,3,58807,3,19,5,1,-53286,24.777331548415887,0,55164.37,0.0,8274.66,63439.03,0.0,0.0,LOW
ATM_0042,2022-09-08,Thursday,Evening,43626,19457,Bank Branch,0,0,95268,Rainy,2,38971,9,8,3,0,-24169,2.242059821153253,0,27859.28,0.0,2785.93,30645.21,0.0,0.0,LOW
ATM_0050,2023-03-11,Saturday,Morning,79263,7618,Mall,0,0,138244,Clear,5,82659,3,11,5,1,-71645,10.403333770836067,0,74194.29,0.0,11129.14,85323.43,0.0,0.0,LOW
ATM_0021,2023-11-16,Thursday,Evening,42323,12884,Standalone,0,0,133854,Cloudy,5,30389,11,16,3,0,-29439,3.2846720993403182,0,32358.14,0.0,4853.72,37211.86,0.0,0.0,LOW
ATM_0006,2023-07-01,Saturday,Evening,47827,18100,Standalone,0,0,117107,Cloudy,2,32866,7,1,5,1,-29727,2.642229711065687,0,32887.9,0.0,4933.19,37821.09,0.0,0.0,LOW
ATM_0035,2022-06-07,Tuesday,Night,50589,12119,Supermarket,0,0,121403,Snowy,0,53251,6,7,1,0,-38470,4.174009900990099,0,41401.18,0.0,6210.18,47611.36,0.0,0.0,LOW
ATM_0035,2022-04-20,Wednesday,Evening,46293,16843,Supermarket,0,0,107316,Snowy,0,35042,4,20,2,0,-29450,2.748337687010211,0,31991.16,0.0,4798.67,36789.83,0.0,0.0,LOW
ATM_0012,2022-07-16,Saturday,Afternoon,30915,14295,Bank Branch,0,0,118030,Snowy,4,22911,7,16,5,1,-16620,2.162493005036374,0,19815.56,0.0,1981.56,21797.12,0.0,0.0,LOW
ATM_0015,2022-12-23,Friday,Morning,54948,7521,Bank Branch,0,1,115868,Snowy,5,58980,12,23,4,0,-47427,7.304972081893114,1,57790.21,0.0,5779.02,63569.23,0.0,0.0,LOW
ATM_0011,2023-06-05,Monday,Morning,33413,12042,Standalone,0,0,80770,Cloudy,2,22898,6,5,0,0,-21371,2.774474798638213,0,24848.11,0.0,3727.22,28575.33,0.0,0.0,LOW
ATM_0003,2023-05-25,Thursday,Morning,34941,15725,Supermarket,0,0,93076,Cloudy,1,31029,5,25,3,0,-19216,2.2218618847768026,0,22124.89,0.0,3318.73,25443.62,0.0,0.0,LOW
ATM_0024,2022-09-23,Friday,Evening,37072,6384,Bank Branch,0,0,122321,Snowy,5,33548,9,23,4,0,-30688,5.80610806577917,0,33102.36,0.0,3310.24,36412.6,0.0,0.0,LOW
ATM_0045,2023-04-30,Sunday,Night,41765,2262,Gas Station,0,0,110607,Snowy,2,36079,4,30,6,1,-39503,18.45558992487848,0,40921.3,0.0,4092.13,45013.43,0.0,0.0,LOW
ATM_0037,2023-02-04,Saturday,Evening,57837,12114,Supermarket,0,0,97162,Snowy,3,46284,2,4,5,1,-45723,4.7739991745769705,0,48029.64,0.0,7204.45,55234.09,0.0,0.0,LOW
ATM_0019,2022-02-24,Thursday,Morning,35898,5582,Gas Station,0,0,109149,Rainy,3,28377,2,24,3,0,-30316,6.429876410531972,0,31951.54,0.0,3195.15,35146.69,0.0,0.0,LOW
ATM_0019,2023-10-31,Tuesday,Night,57964,26076,Mall,0,0,106641,Rainy,0,40994,10,31,1,0,-31888,2.2228017026498446,0,34919.78,0.0,5237.97,40157.75,0.0,0.0,LOW
ATM_0023,2022-07-22,Friday,Night,47301,20448,Mall,0,0,92582,Cloudy,0,40818,7,22,4,0,-26853,2.313120445987579,0,32270.36,0.0,4840.55,37110.91,0.0,0.0,LOW
ATM_0037,2023-09-22,Friday,Afternoon,52539,10883,Bank Branch,0,0,94401,Snowy,3,45942,9,22,4,0,-41656,4.827177508269019,0,43872.52,0.0,4387.25,48259.77,0.0,0.0,LOW
ATM_0014,2022-05-15,Sunday,Evening,36085,8657,Mall,0,0,114138,Rainy,5,24360,5,15,6,1,-27428,4.167821667821668,0,30577.08,0.0,4586.56,35163.64,0.0,0.0,LOW
ATM_0044,2023-12-11,Monday,Evening,61348,6965,Bank Branch,0,0,150690,Snowy,2,44692,12,11,0,0,-54383,8.806775768016077,0,56348.76,0.0,5634.88,61983.64,0.0,0.0,LOW
ATM_0010,2023-04-16,Sunday,Evening,39296,11223,Bank Branch,0,0,103960,Rainy,3,34019,4,16,6,1,-28073,3.501069137562366,0,30694.06,0.0,3069.41,33763.47,0.0,0.0,LOW
ATM_0006,2023-05-27,Saturday,Evening,49756,7024,Supermarket,0,0,100861,Snowy,2,52085,5,27,5,1,-42732,7.08270462633452,0,45389.94,0.0,6808.49,52198.43,0.0,0.0,LOW
ATM_0020,2023-09-12,Tuesday,Evening,40282,11473,Supermarket,0,0,88630,Cloudy,5,33668,9,12,1,0,-28809,3.5107198884434374,0,32254.15,0.0,4838.12,37092.27,0.0,0.0,LOW
ATM_0033,2022-04-29,Friday,Afternoon,42118,12148,Gas Station,0,0,137209,Clear,3,23398,4,29,4,0,-29970,3.4667873899086343,0,32310.32,0.0,3231.03,35541.35,0.0,0.0,LOW
ATM_0010,2023-12-01,Friday,Evening,31680,3521,Mall,1,0,137560,Rainy,3,28577,12,1,4,0,-28159,8.99488926746167,1,35963.76,0.0,7192.75,43156.51,0.0,0.0,LOW
ATM_0043,2022-05-13,Friday,Night,35602,5719,Gas Station,0,0,87814,Cloudy,2,25872,5,13,4,0,-29883,6.224125874125874,0,31599.89,0.0,3159.99,34759.88,0.0,0.0,LOW
ATM_0043,2023-01-11,Wednesday,Morning,41137,16550,Mall,0,0,108302,Cloudy,1,27735,1,11,2,0,-24587,2.4854691559422393,0,28529.52,0.0,4279.43,32808.95,0.0,0.0,LOW
ATM_0033,2022-03-23,Wednesday,Morning,42951,5467,Mall,0,0,100140,Rainy,5,47548,3,23,2,0,-37484,7.854974396488661,0,38925.38,0.0,5838.81,44764.19,0.0,0.0,LOW
ATM_0009,2023-06-29,Thursday,Afternoon,52865,9256,Mall,0,0,99215,Snowy,5,52282,6,29,3,0,-43609,5.710813438478989,0,46430.13,0.0,6964.52,53394.65,0.0,0.0,LOW
ATM_0041,2022-12-13,Tuesday,Evening,34239,9186,Bank Branch,0,0,96354,Rainy,3,32212,12,13,1,0,-25053,3.726896701861326,0,27551.13,0.0,2755.11,30306.24,0.0,0.0,LOW
ATM_0050,2023-03-07,Tuesday,Night,36579,17254,Gas Station,0,0,108424,Rainy,1,19638,3,7,1,0,-19325,2.119907273254129,0,23395.61,0.0,2339.56,25735.17,0.0,0.0,LOW
ATM_0040,2022-08-04,Thursday,Evening,50430,12610,Standalone,0,0,108606,Rainy,5,46522,8,4,3,0,-37820,3.9988898580604233,0,40262.17,0.0,6039.33,46301.5,0.0,0.0,LOW
ATM_0030,2022-07-18,Monday,Afternoon,54249,9106,Gas Station,0,0,117256,Rainy,4,40773,7,18,0,0,-45143,5.95684638190403,0,47773.12,0.0,4777.31,52550.43,0.0,0.0,LOW
ATM_0027,2023-08-16,Wednesday,Afternoon,41423,6926,Mall,0,0,110057,Snowy,0,31649,8,16,2,0,-34497,5.979933593186083,0,37106.36,0.0,5565.95,42672.31,0.0,0.0,LOW
ATM_0003,2022-01-13,Thursday,Afternoon,22984,13945,Gas Station,0,0,75587,Cloudy,1,7637,1,13,3,0,-9039,1.6480711315072423,0,12009.14,0.0,1200.91,13210.05,0.0,0.0,LOW
ATM_0005,2022-09-21,Wednesday,Afternoon,54190,19783,Standalone,0,1,103593,Cloudy,4,45668,9,21,2,0,-34407,2.7390820865345735,1,44321.51,0.0,6648.23,50969.74,0.0,0.0,LOW
ATM_0043,2023-01-27,Friday,Evening,46526,9904,Bank Branch,0,0,129170,Clear,2,38560,1,27,4,0,-36622,4.697223624432105,0,38250.63,0.0,3825.06,42075.69,0.0,0.0,LOW
ATM_0001,2023-07-28,Friday,Afternoon,41211,0,Mall,0,0,149275,Rainy,0,33454,7,28,4,0,-41211,41211.0,0,42457.49,0.0,6368.62,48826.11,0.0,0.0,LOW
ATM_0043,2023-08-05,Saturday,Evening,41440,7117,Mall,0,0,133432,Rainy,1,32479,8,5,5,1,-34323,5.8218600730542285,0,36440.78,0.0,5466.12,41906.9,0.0,0.0,LOW
ATM_0030,2023-04-06,Thursday,Afternoon,31876,15683,Mall,0,1,88251,Cloudy,1,26952,4,6,3,0,-16193,2.0323896965059935,1,27493.55,0.0,4124.03,31617.58,0.0,0.0,LOW
ATM_0018,2022-03-29,Tuesday,Evening,30143,14600,Supermarket,0,0,107353,Rainy,5,14803,3,29,1,0,-15543,2.0644476405725634,0,17604.69,0.0,2640.7,20245.39,0.0,0.0,LOW
ATM_0038,2022-10-13,Thursday,Evening,40248,9140,Bank Branch,0,0,91476,Snowy,4,30255,10,13,3,0,-31108,4.403019363308172,0,34000.99,0.0,3400.1,37401.09,0.0,0.0,LOW
ATM_0040,2022-01-31,Monday,Afternoon,41230,17237,Bank Branch,1,0,97384,Clear,3,38141,1,31,0,0,-23993,2.3918087945237265,1,33595.07,0.0,5039.26,38634.33,0.0,0.0,LOW
ATM_0001,2023-09-12,Tuesday,Evening,32282,7633,Mall,0,0,74380,Clear,1,33517,9,12,1,0,-24649,4.228713649462929,0,27826.58,0.0,4173.99,32000.57,0.0,0.0,LOW
ATM_0022,2022-02-14,Monday,Evening,27587,13766,Supermarket,0,0,77698,Cloudy,1,16336,2,14,0,0,-13821,2.003849785719474,0,17016.12,0.0,2552.42,19568.54,0.0,0.0,LOW
ATM_0029,2022-07-02,Saturday,Night,32027,3097,Standalone,0,0,96493,Clear,2,35148,7,2,5,1,-28930,10.337959974176888,0,30878.81,0.0,4631.82,35510.63,0.0,0.0,LOW
ATM_0050,2023-12-08,Friday,Afternoon,60120,4948,Mall,0,0,128933,Rainy,5,51927,12,8,4,0,-55172,12.147908668417863,0,57631.54,0.0,8644.73,66276.27,0.0,0.0,LOW
ATM_0036,2022-10-04,Tuesday,Evening,32551,10819,Mall,0,0,104519,Snowy,3,31127,10,4,1,0,-21732,3.0084103512014786,0,24639.91,0.0,3695.99,28335.9,0.0,0.0,LOW
ATM_0010,2022-04-19,Tuesday,Night,52965,13372,Gas Station,0,0,107829,Rainy,2,35886,4,19,1,0,-39593,3.960592238091677,0,41775.14,0.0,4177.51,45952.65,0.0,0.0,LOW
